y_true,y_pred,y_true_encoded,y_pred_encoded,prob_brca,prob_esca,prob_hnscc,prob_lscc,prob_luad
BRCA,LSCC,0,3,0.18709646,0.009614501,0.13340265,0.57072216,0.09916428
BRCA,BRCA,0,0,0.5551837,0.082238555,0.15708782,0.1353334,0.070156485
BRCA,BRCA,0,0,0.5133795,0.015157932,0.13602106,0.2421823,0.09325918
BRCA,BRCA,0,0,0.8498363,0.0056737713,0.034719806,0.0636273,0.046142794
LSCC,LSCC,3,3,0.256305,0.006412023,0.17104077,0.36047363,0.2057686
HNSCC,HNSCC,2,2,0.0059920345,0.010299792,0.9608367,0.019209826,0.0036616523
HNSCC,HNSCC,2,2,0.043446895,0.018601531,0.65521526,0.2552057,0.027530624
LSCC,LSCC,3,3,0.0151745165,0.0014736344,0.028191786,0.8751503,0.08000973
BRCA,BRCA,0,0,0.9943322,0.0002639558,0.0019174177,0.0017471472,0.0017392937
BRCA,BRCA,0,0,0.9205214,0.0027296145,0.029901639,0.031255122,0.015592284
BRCA,BRCA,0,0,0.9680187,0.0049300115,0.01146608,0.005809009,0.009776142
BRCA,BRCA,0,0,0.9953654,0.0002156007,0.0016741975,0.0010512297,0.0016935957
BRCA,BRCA,0,0,0.9905137,0.00046131547,0.0033347635,0.0027153923,0.0029748413
BRCA,BRCA,0,0,0.9833819,0.00045752138,0.0052669654,0.0053583407,0.005535286
HNSCC,HNSCC,2,2,0.2722344,0.00033215014,0.3512009,0.18775819,0.18847427
BRCA,BRCA,0,0,0.9449571,0.0026472218,0.017775776,0.017136943,0.017482936
LSCC,HNSCC,3,2,0.2722344,0.00033215014,0.3512009,0.18775819,0.18847427
LUAD,LUAD,4,4,0.016113866,0.0016164158,0.002398469,0.007241054,0.97263014
BRCA,BRCA,0,0,0.66745853,0.00682124,0.07668723,0.17859416,0.07043886
LSCC,LSCC,3,3,0.007988216,0.00091676787,0.017179674,0.9412805,0.032634903
HNSCC,HNSCC,2,2,0.004825947,0.013894253,0.9509884,0.026774457,0.003516973
BRCA,BRCA,0,0,0.8011912,0.009094187,0.053414386,0.07478581,0.06151436
LUAD,LUAD,4,4,0.12001692,0.0008794847,0.009689087,0.046255633,0.823159
BRCA,BRCA,0,0,0.95744604,0.000844875,0.010873689,0.0250486,0.0057868585
LUAD,LUAD,4,4,0.002234969,0.00010218757,0.00057886547,0.009013031,0.98807085
HNSCC,HNSCC,2,2,0.15739177,0.058729347,0.5546043,0.16526861,0.06400594
HNSCC,HNSCC,2,2,0.017156256,0.011205837,0.9126574,0.04844448,0.010536004
BRCA,BRCA,0,0,0.9885923,0.0005350873,0.004044438,0.003028689,0.0037994392
LUAD,HNSCC,4,2,0.2722344,0.00033215014,0.3512009,0.18775819,0.18847427
LSCC,BRCA,3,0,0.6848356,0.011677961,0.09017337,0.11723375,0.096079335
HNSCC,HNSCC,2,2,0.19059448,0.042030957,0.6735536,0.05499623,0.03882475
BRCA,LSCC,0,3,0.2220057,0.09051223,0.21373498,0.35339254,0.12035458
HNSCC,HNSCC,2,2,0.0028531093,0.008738899,0.9833666,0.003241854,0.0017994446
BRCA,BRCA,0,0,0.8480048,0.011267645,0.060877997,0.041067455,0.038782123
BRCA,BRCA,0,0,0.91185725,0.0044652745,0.03078126,0.033016223,0.019880077
BRCA,BRCA,0,0,0.9566819,0.0015149767,0.014763553,0.015189384,0.011850242
BRCA,BRCA,0,0,0.9671026,0.010782821,0.008633763,0.0051029716,0.008377892
LSCC,LSCC,3,3,0.19146223,0.004989775,0.06973047,0.5366243,0.19719328
ESCA,ESCA,1,1,0.1258764,0.47890094,0.22680289,0.10111819,0.067301616
ESCA,ESCA,1,1,0.19443649,0.2971078,0.18429892,0.20283799,0.12131881
HNSCC,HNSCC,2,2,0.27719712,0.025445286,0.42131707,0.18638684,0.08965367
LUAD,LUAD,4,4,0.08532294,0.0017567556,0.0096319895,0.05669564,0.8465927
LSCC,LSCC,3,3,0.010674278,0.00086891156,0.00871826,0.82467246,0.15506601
LUAD,LUAD,4,4,0.11248609,0.004973208,0.024848249,0.18980598,0.66788644
LSCC,LSCC,3,3,0.010235812,0.0006884156,0.0107225785,0.9517543,0.02659893
HNSCC,HNSCC,2,2,0.017258741,0.022439843,0.9192332,0.030993242,0.010074997
BRCA,BRCA,0,0,0.9336846,0.0008475442,0.0115233315,0.01991104,0.03403346
ESCA,ESCA,1,1,0.015730811,0.93237454,0.026689384,0.009504339,0.01570095
LSCC,LSCC,3,3,0.09503325,0.0012324027,0.0234395,0.4821667,0.39812818
ESCA,BRCA,1,0,0.45138463,0.31465885,0.1293271,0.039715793,0.064913586
LUAD,LUAD,4,4,0.011272292,0.001766549,0.009593186,0.24851388,0.7288541
LUAD,HNSCC,4,2,0.2722344,0.00033215014,0.3512009,0.18775819,0.18847427
BRCA,BRCA,0,0,0.85593057,0.0050680414,0.033428803,0.065593936,0.039978683
ESCA,BRCA,1,0,0.49872574,0.057172537,0.14366,0.0936176,0.20682414
BRCA,HNSCC,0,2,0.2722344,0.00033215014,0.3512009,0.18775819,0.18847427
HNSCC,HNSCC,2,2,0.00914537,0.0038558145,0.96161324,0.020823056,0.004562562
BRCA,BRCA,0,0,0.9921078,0.00015157498,0.0025869203,0.0025589552,0.0025948319
LUAD,LUAD,4,4,0.200896,0.0048630415,0.0725155,0.20691061,0.51481485
BRCA,BRCA,0,0,0.48001742,0.00791812,0.06282601,0.1482555,0.30098298
LUAD,LUAD,4,4,0.0073558474,0.00029337287,0.0024185136,0.03305907,0.9568733
BRCA,BRCA,0,0,0.9995346,1.74925e-05,0.00015289852,8.3996114e-05,0.00021096574
BRCA,BRCA,0,0,0.99935895,2.379996e-05,0.00019486737,0.00011481967,0.00030743048
LSCC,HNSCC,3,2,0.2722344,0.00033215014,0.3512009,0.18775819,0.18847427
BRCA,BRCA,0,0,0.98250717,0.00019382345,0.0046719895,0.0049430146,0.007684077
BRCA,BRCA,0,0,0.9154854,0.0033670538,0.01766452,0.016325288,0.04715784
LUAD,LUAD,4,4,0.013028435,0.00045787374,0.0037540055,0.0930494,0.88971025
LSCC,LSCC,3,3,0.01230552,0.0007049796,0.0117627885,0.86265594,0.112570845
HNSCC,HNSCC,2,2,0.014434683,0.013400705,0.954158,0.011321195,0.006685432
BRCA,BRCA,0,0,0.92455435,0.0049353265,0.023973009,0.018777212,0.027760135
BRCA,BRCA,0,0,0.9371988,0.016048426,0.018791366,0.009051538,0.018909898
ESCA,LSCC,1,3,0.25179458,0.12313848,0.16528556,0.3062071,0.15357429
LSCC,HNSCC,3,2,0.2722344,0.00033215014,0.3512009,0.18775819,0.18847427
HNSCC,HNSCC,2,2,0.030988527,0.03488793,0.88946223,0.03268983,0.01197142
BRCA,BRCA,0,0,0.9993032,3.4698904e-05,0.00017741905,9.489478e-05,0.00038977194
HNSCC,HNSCC,2,2,0.0034415573,0.0024770824,0.9831959,0.008378815,0.0025066137
BRCA,BRCA,0,0,0.9982961,8.084755e-05,0.0005283434,0.0003751031,0.00071968744
LUAD,LUAD,4,4,0.022169344,0.0016937632,0.010875581,0.15249176,0.8127696
LUAD,LUAD,4,4,0.013066218,0.00059153984,0.0061221095,0.17745611,0.80276394
BRCA,BRCA,0,0,0.99778146,7.077758e-05,0.00065001374,0.0005356372,0.00096212764
BRCA,BRCA,0,0,0.91683614,0.0034956918,0.030191157,0.03070924,0.018767653
HNSCC,HNSCC,2,2,0.012325286,0.005686488,0.8428815,0.13134457,0.0077621373
BRCA,BRCA,0,0,0.9917046,9.3189825e-05,0.0027309016,0.0030577003,0.0024135667
BRCA,BRCA,0,0,0.9931559,0.00021222429,0.0017989706,0.0013714852,0.0034612964
LSCC,HNSCC,3,2,0.2722344,0.00033215014,0.3512009,0.18775819,0.18847427
LUAD,LUAD,4,4,0.018831814,0.0010015174,0.0028829372,0.010476651,0.96680707
LUAD,LUAD,4,4,0.0060060364,0.0006480358,0.003149837,0.047038753,0.9431573
BRCA,BRCA,0,0,0.96139944,0.0068250312,0.012540967,0.01187659,0.0073580933
BRCA,HNSCC,0,2,0.2722344,0.00033215014,0.3512009,0.18775819,0.18847427
LUAD,LUAD,4,4,0.003703816,0.00013227595,0.00054533035,0.002274981,0.9933436
BRCA,BRCA,0,0,0.95541656,0.0020957033,0.012965663,0.01226255,0.01725953
LSCC,LSCC,3,3,0.054108612,0.0011546508,0.02441815,0.72434527,0.19597325
HNSCC,HNSCC,2,2,0.022974664,0.00501742,0.8963881,0.063259505,0.012360356
BRCA,BRCA,0,0,0.92847735,0.0013609806,0.018491669,0.03962391,0.01204608
BRCA,BRCA,0,0,0.99621826,0.00017913996,0.0010400879,0.00078786566,0.001774665
LUAD,LUAD,4,4,0.036392257,0.0019719535,0.012370937,0.04479654,0.9044683
ESCA,ESCA,1,1,0.13211778,0.5911426,0.16182382,0.07587493,0.039040916
LUAD,LUAD,4,4,0.004678213,0.0009996842,0.0031348038,0.024524394,0.9666628
LSCC,LSCC,3,3,0.054274995,0.005837877,0.11436959,0.72062075,0.10489673
BRCA,BRCA,0,0,0.997355,3.9759187e-05,0.0008878901,0.00079013646,0.00092725735
BRCA,BRCA,0,0,0.9259155,0.0031141073,0.020503176,0.026276834,0.024190353
HNSCC,HNSCC,2,2,0.1791064,0.10727943,0.5641599,0.09698933,0.052464902
HNSCC,HNSCC,2,2,0.0027423976,0.0017263687,0.9861063,0.0071707647,0.0022541787
HNSCC,HNSCC,2,2,0.2722344,0.00033215014,0.3512009,0.18775819,0.18847427
LSCC,LSCC,3,3,0.030522618,0.003024791,0.114118226,0.80647635,0.045857944
BRCA,BRCA,0,0,0.90978974,0.005213602,0.02708712,0.031315517,0.026593968
LSCC,BRCA,3,0,0.44416967,0.044891715,0.27975306,0.13185702,0.09932855
BRCA,BRCA,0,0,0.8846588,0.013065372,0.038387496,0.03292341,0.03096489
LUAD,LUAD,4,4,0.23938684,0.003940356,0.018110925,0.06535445,0.6732074
LSCC,BRCA,3,0,0.42024615,0.01244354,0.13599312,0.3329859,0.0983313
BRCA,BRCA,0,0,0.9894834,0.00017399028,0.0033512902,0.0036858814,0.0033054936
BRCA,BRCA,0,0,0.9987594,3.5985693e-05,0.00035975108,0.00026720742,0.0005776157
HNSCC,HNSCC,2,2,0.07494758,0.021461518,0.6139931,0.2374987,0.05209908
LSCC,LSCC,3,3,0.08770566,0.004718294,0.15971224,0.7031897,0.044674143
HNSCC,HNSCC,2,2,0.2722344,0.00033215014,0.3512009,0.18775819,0.18847427
LUAD,LSCC,4,3,0.06968723,0.020969154,0.19911906,0.63259554,0.07762896
BRCA,BRCA,0,0,0.99423707,0.00019561627,0.0015675345,0.0011187582,0.002880864
ESCA,BRCA,1,0,0.34792554,0.1487467,0.20745401,0.16270502,0.13316867
HNSCC,HNSCC,2,2,0.2722344,0.00033215014,0.3512009,0.18775819,0.18847427
LUAD,HNSCC,4,2,0.2722344,0.00033215014,0.3512009,0.18775819,0.18847427
BRCA,BRCA,0,0,0.99794966,5.2783747e-05,0.000526732,0.0004568761,0.0010138811
LUAD,LUAD,4,4,0.030014612,0.00087314163,0.006334404,0.050360113,0.9124178
BRCA,BRCA,0,0,0.9927868,0.00012164144,0.0023101834,0.0024450563,0.0023362818
ESCA,ESCA,1,1,0.012432809,0.89486057,0.06759504,0.016522363,0.0085892435
HNSCC,HNSCC,2,2,0.0031354346,0.0027297495,0.9579838,0.03270118,0.0034497874
ESCA,BRCA,1,0,0.38875845,0.1583095,0.15336703,0.17355685,0.12600821
LUAD,BRCA,4,0,0.53438425,0.005071549,0.036938265,0.09559048,0.3280155
LSCC,BRCA,3,0,0.33926862,0.005278268,0.069720015,0.33905515,0.246678
BRCA,BRCA,0,0,0.99615186,0.00021980758,0.0013050542,0.0009557281,0.0013675285
ESCA,BRCA,1,0,0.42723286,0.013368278,0.11197625,0.17555471,0.27186787
BRCA,BRCA,0,0,0.9321103,0.0024422498,0.015863793,0.018875571,0.030707961
LSCC,LSCC,3,3,0.009503211,0.0004056503,0.0051495787,0.80943745,0.17550413
LSCC,LSCC,3,3,0.014370003,0.00167447,0.044916414,0.9249436,0.014095496
LUAD,LUAD,4,4,0.004470812,0.00041645984,0.001131208,0.0029885648,0.99099284
HNSCC,HNSCC,2,2,0.007275683,0.031953655,0.93081284,0.025771737,0.0041860454
LSCC,LSCC,3,3,0.13643745,0.0023680357,0.112851836,0.62303907,0.12530369
BRCA,BRCA,0,0,0.9841541,0.0023049796,0.005282477,0.0033515368,0.004906897
HNSCC,HNSCC,2,2,0.2722344,0.00033215014,0.3512009,0.18775819,0.18847427
LUAD,LUAD,4,4,0.0066360286,0.0006626924,0.0040833624,0.120875046,0.8677428
HNSCC,BRCA,2,0,0.68994546,0.0043886728,0.12301722,0.077241234,0.10540744
LSCC,LSCC,3,3,0.16255087,0.0021352768,0.053593144,0.54862434,0.23309633
HNSCC,HNSCC,2,2,0.13565077,0.027954973,0.64435107,0.14419197,0.047851235
BRCA,BRCA,0,0,0.9961597,0.0005237126,0.0012421947,0.0007269577,0.0013475245
BRCA,BRCA,0,0,0.9904198,0.0003218304,0.003087977,0.002660571,0.0035098612
LUAD,LUAD,4,4,0.0050830413,0.0005161704,0.0020824652,0.024485696,0.9678325
LUAD,LUAD,4,4,0.017879756,0.000680872,0.0070206122,0.07914929,0.8952694
BRCA,BRCA,0,0,0.99487203,7.145049e-05,0.0014405351,0.0014562756,0.0021596756
LSCC,LSCC,3,3,0.016526146,0.0063735475,0.18573192,0.7754226,0.015945876
HNSCC,BRCA,2,0,0.47672758,0.025200253,0.19680192,0.09886092,0.20240934
LSCC,LSCC,3,3,0.042571448,0.004425852,0.14639269,0.75199383,0.054616172
LSCC,LSCC,3,3,0.20878337,0.012860179,0.18721534,0.47179055,0.119350456
HNSCC,HNSCC,2,2,0.030864421,0.02655168,0.69173664,0.2281311,0.022716127
HNSCC,HNSCC,2,2,0.2722344,0.00033215014,0.3512009,0.18775819,0.18847427
LUAD,HNSCC,4,2,0.2722344,0.00033215014,0.3512009,0.18775819,0.18847427
LSCC,LSCC,3,3,0.028682597,0.0010437638,0.016053189,0.93823624,0.015984247
BRCA,BRCA,0,0,0.96493196,0.0009962454,0.01084942,0.013327481,0.0098949475
LSCC,HNSCC,3,2,0.2722344,0.00033215014,0.3512009,0.18775819,0.18847427
LUAD,LUAD,4,4,0.0044728736,0.00046042458,0.0026381486,0.035467837,0.9569607
HNSCC,HNSCC,2,2,0.013520469,0.003937353,0.90245,0.06947809,0.010614063
HNSCC,HNSCC,2,2,0.06813018,0.017349811,0.8544553,0.03906525,0.020999476
BRCA,BRCA,0,0,0.99969983,3.502014e-05,8.30936e-05,3.779906e-05,0.00014437815
BRCA,BRCA,0,0,0.95129967,0.0028088721,0.01539615,0.016520195,0.01397514
BRCA,BRCA,0,0,0.99740285,0.00020979489,0.00073389563,0.00046022996,0.0011932813
LUAD,LUAD,4,4,0.008063388,0.00017486453,0.0006085514,0.0051414566,0.9860118
LSCC,LSCC,3,3,0.028767673,0.0063883066,0.1460718,0.79188824,0.026883991
BRCA,BRCA,0,0,0.9678104,0.0015283731,0.01025811,0.011393782,0.009009352
BRCA,BRCA,0,0,0.993454,0.00020434469,0.001925081,0.0016965274,0.0027201327
ESCA,ESCA,1,1,0.18738495,0.53859824,0.16045608,0.048372835,0.06518786
BRCA,BRCA,0,0,0.98028755,0.00050783827,0.0061259647,0.0067910496,0.0062875324
BRCA,BRCA,0,0,0.9449609,0.0011611445,0.017250217,0.022935888,0.013691781
HNSCC,HNSCC,2,2,0.06478088,0.047651384,0.78097177,0.06902769,0.037568312
BRCA,LSCC,0,3,0.14392792,0.0011217383,0.03583851,0.4985756,0.32053632
BRCA,BRCA,0,0,0.98948634,0.00041142554,0.0031669554,0.0029379672,0.0039973315
LSCC,LSCC,3,3,0.012245166,0.0004187921,0.0037389006,0.624108,0.3594891
BRCA,HNSCC,0,2,0.2722344,0.00033215014,0.3512009,0.18775819,0.18847427
LSCC,LSCC,3,3,0.1591142,0.043416187,0.18547247,0.5267997,0.08519753
BRCA,BRCA,0,0,0.99076885,0.0013784188,0.0028898232,0.0017012081,0.0032617592
BRCA,BRCA,0,0,0.9988438,6.439715e-05,0.00034456543,0.00018434343,0.00056286243
BRCA,HNSCC,0,2,0.2722344,0.00033215014,0.3512009,0.18775819,0.18847427
LSCC,LSCC,3,3,0.025763625,0.0015069623,0.045319114,0.85362947,0.073780894
HNSCC,HNSCC,2,2,0.0033557964,0.004075547,0.98048306,0.0100082345,0.0020773907
HNSCC,HNSCC,2,2,0.28291383,0.014683807,0.5180243,0.11811407,0.06626395
ESCA,ESCA,1,1,0.2070658,0.63523936,0.07088048,0.031121464,0.055692907
BRCA,BRCA,0,0,0.9434762,0.0008540154,0.011790798,0.034184378,0.00969462
BRCA,BRCA,0,0,0.93893796,0.0013181973,0.0090776235,0.012106101,0.03856009
BRCA,BRCA,0,0,0.9933763,0.00082528166,0.001745182,0.001265293,0.0027879048
LSCC,LSCC,3,3,0.05731464,0.000740345,0.01157802,0.5051587,0.42520824
BRCA,BRCA,0,0,0.9599796,0.005068344,0.014235549,0.0097126495,0.0110038165
LSCC,LSCC,3,3,0.22262232,0.008184188,0.11632734,0.49262235,0.16024381
BRCA,BRCA,0,0,0.9637259,0.0015622681,0.010697573,0.01655608,0.0074582514
HNSCC,HNSCC,2,2,0.0029819494,0.003521359,0.9878642,0.0036894921,0.0019429951
BRCA,BRCA,0,0,0.99610126,0.00020034061,0.0011779265,0.0009835968,0.001536936
HNSCC,HNSCC,2,2,0.24381979,0.026060747,0.5203401,0.11418694,0.095592484
BRCA,BRCA,0,0,0.97143734,0.0010585588,0.01058033,0.009184508,0.0077393544
HNSCC,HNSCC,2,2,0.106980935,0.0035050595,0.6160275,0.20401445,0.06947209
HNSCC,HNSCC,2,2,0.2722344,0.00033215014,0.3512009,0.18775819,0.18847427
LSCC,LSCC,3,3,0.043229297,0.0022369137,0.0509777,0.71212465,0.19143146
LSCC,HNSCC,3,2,0.2722344,0.00033215014,0.3512009,0.18775819,0.18847427
LSCC,LSCC,3,3,0.06538971,0.0025664961,0.05055626,0.8058617,0.07562586
BRCA,BRCA,0,0,0.85375166,0.005317916,0.03310263,0.045419358,0.062408365
HNSCC,HNSCC,2,2,0.017221501,0.006121803,0.9100958,0.056132976,0.010427918
LUAD,LUAD,4,4,0.04413488,0.001514514,0.014871127,0.1852808,0.7541987
BRCA,BRCA,0,0,0.8126332,0.0066728317,0.053888388,0.08267458,0.044130977
HNSCC,HNSCC,2,2,0.2722344,0.00033215014,0.3512009,0.18775819,0.18847427
HNSCC,HNSCC,2,2,0.0016311292,0.00078005914,0.99437296,0.0020112905,0.0012045531
BRCA,BRCA,0,0,0.9947806,0.00016114053,0.0012711545,0.0011871615,0.0025999397
HNSCC,HNSCC,2,2,0.2722344,0.00033215014,0.3512009,0.18775819,0.18847427
ESCA,ESCA,1,1,0.007396309,0.88957644,0.07127927,0.02649205,0.005255974
BRCA,BRCA,0,0,0.9996202,2.2186246e-05,9.1007416e-05,4.1833257e-05,0.00022475049
LSCC,HNSCC,3,2,0.2722344,0.00033215014,0.3512009,0.18775819,0.18847427
BRCA,HNSCC,0,2,0.2722344,0.00033215014,0.3512009,0.18775819,0.18847427
LUAD,HNSCC,4,2,0.2722344,0.00033215014,0.3512009,0.18775819,0.18847427
LUAD,LUAD,4,4,0.0104777645,0.00083377515,0.0039524143,0.016753683,0.9679824
BRCA,BRCA,0,0,0.9822228,0.0017372316,0.0074532544,0.0039200657,0.0046666414
LSCC,LSCC,3,3,0.08073662,0.0023337572,0.05352805,0.7250374,0.1383642
BRCA,BRCA,0,0,0.97794193,0.00051706174,0.006693065,0.00924209,0.0056058364
HNSCC,HNSCC,2,2,0.1407062,0.020277537,0.53438526,0.24098338,0.06364756
BRCA,BRCA,0,0,0.8426773,0.002992669,0.035111174,0.086129986,0.03308881
LUAD,LUAD,4,4,0.105927564,0.0027910843,0.017078362,0.06973796,0.804465
HNSCC,HNSCC,2,2,0.036378067,0.0040606447,0.5876793,0.33781222,0.034069724
LUAD,HNSCC,4,2,0.2722344,0.00033215014,0.3512009,0.18775819,0.18847427
LUAD,HNSCC,4,2,0.2722344,0.00033215014,0.3512009,0.18775819,0.18847427
BRCA,BRCA,0,0,0.93224436,0.0044589657,0.019088939,0.024945268,0.019262476
HNSCC,HNSCC,2,2,0.2722344,0.00033215014,0.3512009,0.18775819,0.18847427
HNSCC,HNSCC,2,2,0.0110028405,0.018584128,0.94618505,0.018445497,0.0057825283
BRCA,BRCA,0,0,0.9993268,4.6475223e-05,0.00022032172,0.00010715343,0.0002992617
BRCA,BRCA,0,0,0.9759257,0.0010290091,0.007421435,0.008926434,0.0066976007
LSCC,LSCC,3,3,0.2704845,0.0025519992,0.07788876,0.48058966,0.16848502
HNSCC,HNSCC,2,2,0.067563936,0.009451749,0.56956756,0.3054299,0.047986872
LSCC,HNSCC,3,2,0.2722344,0.00033215014,0.3512009,0.18775819,0.18847427
BRCA,HNSCC,0,2,0.2722344,0.00033215014,0.3512009,0.18775819,0.18847427
LSCC,LSCC,3,3,0.012528141,0.002686278,0.023329403,0.92000777,0.041448437
HNSCC,HNSCC,2,2,0.032185897,0.019678777,0.71773577,0.20847252,0.021927051
LSCC,LSCC,3,3,0.071566984,0.0045471615,0.04741836,0.76013356,0.11633398
LSCC,HNSCC,3,2,0.2722344,0.00033215014,0.3512009,0.18775819,0.18847427
BRCA,BRCA,0,0,0.87651443,0.0072543803,0.036119707,0.037402656,0.042708836
HNSCC,HNSCC,2,2,0.00969847,0.0028879782,0.90400076,0.07510378,0.008308985
BRCA,BRCA,0,0,0.9872705,0.0019575404,0.004131443,0.0026305388,0.00400996
LSCC,LSCC,3,3,0.13458665,0.0020366593,0.032529753,0.6629132,0.16793375
LUAD,LUAD,4,4,0.009410586,0.0015658217,0.009832595,0.42671764,0.5524733
BRCA,BRCA,0,0,0.47459838,0.026095768,0.14430107,0.31185058,0.043154225
LSCC,LSCC,3,3,0.0063216873,0.00399069,0.07353087,0.9062259,0.009930862
ESCA,ESCA,1,1,0.19954969,0.5597029,0.100148514,0.048674937,0.091923974
LUAD,LUAD,4,4,0.014243154,0.00088828005,0.005754016,0.14890441,0.8302101
LUAD,LUAD,4,4,0.001955393,0.00035148725,0.0010915791,0.009263246,0.9873383
BRCA,BRCA,0,0,0.6852508,0.0062847366,0.075486265,0.1596772,0.07330104
LSCC,HNSCC,3,2,0.2722344,0.00033215014,0.3512009,0.18775819,0.18847427
BRCA,BRCA,0,0,0.99362564,0.0005139742,0.0021946365,0.0016410903,0.0020246147
LSCC,HNSCC,3,2,0.2722344,0.00033215014,0.3512009,0.18775819,0.18847427
LUAD,HNSCC,4,2,0.2722344,0.00033215014,0.3512009,0.18775819,0.18847427
HNSCC,HNSCC,2,2,0.0413697,0.011240426,0.86468935,0.06416003,0.018540576
HNSCC,HNSCC,2,2,0.019381154,0.005143869,0.9416907,0.023778059,0.010006303
BRCA,BRCA,0,0,0.9923292,0.00024570685,0.002346728,0.0031949712,0.0018834141
HNSCC,HNSCC,2,2,0.2722344,0.00033215014,0.3512009,0.18775819,0.18847427
LUAD,LUAD,4,4,0.03370322,0.0013448352,0.005246166,0.029321527,0.93038416
HNSCC,HNSCC,2,2,0.026945524,0.02406679,0.93293136,0.008830432,0.007225846
LSCC,LSCC,3,3,0.015532877,0.001313311,0.043689635,0.9253967,0.014067442
HNSCC,HNSCC,2,2,0.005802347,0.008601458,0.75543046,0.22543944,0.004726317
LSCC,LSCC,3,3,0.05566438,0.005684661,0.08473942,0.7205557,0.13335587
BRCA,BRCA,0,0,0.99901485,2.7130138e-05,0.00034534838,0.00021856226,0.00039409043
BRCA,HNSCC,0,2,0.2722344,0.00033215014,0.3512009,0.18775819,0.18847427
LUAD,LUAD,4,4,0.021561883,0.0009438741,0.008464344,0.10037418,0.8686558
LSCC,LSCC,3,3,0.018315911,0.00061811367,0.012513659,0.9073419,0.061210427
HNSCC,HNSCC,2,2,0.11715319,0.033999942,0.6444321,0.15784667,0.046568055
LUAD,LUAD,4,4,0.0035297233,0.00054343534,0.0038574103,0.41669115,0.5753783
HNSCC,HNSCC,2,2,0.0046036374,0.0053783827,0.8540586,0.13158195,0.004377446
BRCA,HNSCC,0,2,0.2722344,0.00033215014,0.3512009,0.18775819,0.18847427
LUAD,HNSCC,4,2,0.2722344,0.00033215014,0.3512009,0.18775819,0.18847427
ESCA,BRCA,1,0,0.45456317,0.19355914,0.11647019,0.069069795,0.16633776
LSCC,LSCC,3,3,0.023965921,0.01629061,0.1925719,0.74026805,0.026903503
BRCA,BRCA,0,0,0.98038816,0.00032869232,0.004380592,0.00623295,0.008669611
LSCC,LSCC,3,3,0.032619838,0.009959707,0.21554974,0.7085323,0.033338506
ESCA,BRCA,1,0,0.47825074,0.09726866,0.12618433,0.12369015,0.17460617
ESCA,ESCA,1,1,0.09331634,0.6225191,0.16570495,0.07370924,0.04475044
LSCC,LSCC,3,3,0.0061718104,0.0027933933,0.04333858,0.9196682,0.028028086
BRCA,BRCA,0,0,0.82112074,0.0050934777,0.050182637,0.086077705,0.03752552
HNSCC,HNSCC,2,2,0.0029446797,0.0026084275,0.9636887,0.028208308,0.0025499298
LUAD,LUAD,4,4,0.0097550675,0.0012902205,0.005143077,0.0380828,0.9457289
LSCC,LSCC,3,3,0.06313728,0.0068342052,0.13289519,0.754579,0.0425543
LUAD,HNSCC,4,2,0.2722344,0.00033215014,0.3512009,0.18775819,0.18847427
LUAD,LUAD,4,4,0.06899538,0.0023345842,0.021014396,0.18451244,0.7231433
LSCC,LSCC,3,3,0.09062271,0.0051426757,0.050948605,0.5589258,0.2943602
ESCA,BRCA,1,0,0.3902031,0.26083678,0.12669359,0.09015977,0.1321068
LSCC,LSCC,3,3,0.052286007,0.00093665114,0.03211857,0.8206823,0.09397647
LSCC,HNSCC,3,2,0.2722344,0.00033215014,0.3512009,0.18775819,0.18847427
BRCA,BRCA,0,0,0.98328894,0.0006288849,0.0046451665,0.005461786,0.0059751184
HNSCC,HNSCC,2,2,0.01118187,0.0045718323,0.84645,0.12952153,0.00827475
ESCA,BRCA,1,0,0.40570924,0.20279953,0.1669848,0.09865982,0.12584661
BRCA,BRCA,0,0,0.98445606,0.0002875012,0.004970573,0.0049089403,0.005376864
ESCA,ESCA,1,1,0.059992593,0.6182587,0.21473244,0.068723425,0.038292766
BRCA,BRCA,0,0,0.9921245,0.00029369164,0.0026022878,0.002167656,0.002811826
LUAD,LUAD,4,4,0.12228721,0.0034477003,0.011661129,0.038356896,0.824247
LUAD,LUAD,4,4,0.28880367,0.0015118662,0.029477945,0.17280608,0.5074004
HNSCC,HNSCC,2,2,0.010876595,0.006240943,0.9500334,0.026654493,0.006194588
BRCA,BRCA,0,0,0.75255483,0.0111787915,0.054344554,0.06640124,0.11552064
LUAD,LUAD,4,4,0.03255918,0.0012416256,0.0042086816,0.012764892,0.94922566
BRCA,BRCA,0,0,0.9869112,0.00064848794,0.00475896,0.0036794145,0.004001853
ESCA,ESCA,1,1,0.16680536,0.7189382,0.052810397,0.017082512,0.044363484
BRCA,BRCA,0,0,0.81627303,0.002749925,0.04646438,0.068556786,0.06595584
BRCA,BRCA,0,0,0.9843233,0.00034798353,0.0039620306,0.0048655933,0.006501104
LUAD,LUAD,4,4,0.0010946235,0.000111313806,0.00043825587,0.003404368,0.9949515
HNSCC,BRCA,2,0,0.35744485,0.10463819,0.33383662,0.11844603,0.085634276
BRCA,BRCA,0,0,0.9974022,0.0001905494,0.00082157465,0.00056295237,0.0010227413
BRCA,BRCA,0,0,0.9734812,0.00075225724,0.008801541,0.008337567,0.008627513
HNSCC,HNSCC,2,2,0.19199404,0.016757315,0.5740684,0.14167656,0.07550367
LSCC,LSCC,3,3,0.048485324,0.0009647696,0.018654121,0.6353795,0.2965163
HNSCC,HNSCC,2,2,0.1281653,0.05176046,0.56444216,0.12840174,0.12723032
LUAD,LSCC,4,3,0.0057723606,0.0015977414,0.008476368,0.5811171,0.40303645
LSCC,HNSCC,3,2,0.2722344,0.00033215014,0.3512009,0.18775819,0.18847427
HNSCC,HNSCC,2,2,0.035012387,0.010719701,0.8919272,0.045563903,0.016776925
LSCC,LSCC,3,3,0.017279927,0.0013330833,0.017508963,0.87648517,0.08739285
BRCA,BRCA,0,0,0.99703,4.8642123e-05,0.00084204716,0.0007400255,0.001339115
BRCA,BRCA,0,0,0.96519,0.0013492259,0.009152286,0.011784554,0.012523848
BRCA,BRCA,0,0,0.8882879,0.004792879,0.033936813,0.045166735,0.027815675
BRCA,BRCA,0,0,0.9993038,0.0001243465,0.00017711858,8.349001e-05,0.00031120903
ESCA,ESCA,1,1,0.046589617,0.8764779,0.038788848,0.013546767,0.024596844
LSCC,LSCC,3,3,0.10214386,0.0037953395,0.0346739,0.6309432,0.22844374
HNSCC,HNSCC,2,2,0.12566292,0.06401465,0.6480949,0.100457504,0.061770033
BRCA,BRCA,0,0,0.66907865,0.008438352,0.11548716,0.14019184,0.06680401
BRCA,BRCA,0,0,0.8322219,0.00341325,0.040799666,0.07328325,0.050281998
HNSCC,HNSCC,2,2,0.002528847,0.0017124643,0.98880136,0.004989759,0.0019675512
BRCA,BRCA,0,0,0.99046916,0.0002989865,0.0031297368,0.0027230005,0.003379183
LUAD,BRCA,4,0,0.4822115,0.008285658,0.05037853,0.07271107,0.3864132
BRCA,BRCA,0,0,0.99851865,8.219153e-05,0.00046238423,0.00027693517,0.0006598562
HNSCC,HNSCC,2,2,0.049012423,0.004441754,0.8581399,0.06604582,0.022360103
HNSCC,HNSCC,2,2,0.0066743684,0.023981776,0.9587833,0.007419162,0.0031413315
HNSCC,HNSCC,2,2,0.08598999,0.009063383,0.61438864,0.24387506,0.046682943
BRCA,BRCA,0,0,0.9895229,0.00061547017,0.003122807,0.0029296414,0.0038092353
LSCC,LSCC,3,3,0.09897749,0.000795114,0.02213905,0.70721173,0.17087664
LUAD,LSCC,4,3,0.019601164,0.0015036551,0.015165495,0.5875802,0.37614945
BRCA,BRCA,0,0,0.89136684,0.0049447087,0.023624187,0.024971623,0.055092648
HNSCC,HNSCC,2,2,0.020218497,0.051659193,0.87904716,0.040226936,0.008848253
HNSCC,HNSCC,2,2,0.0076963007,0.024949765,0.9435188,0.01937372,0.004461319
BRCA,BRCA,0,0,0.59190613,0.016453765,0.13005723,0.16375038,0.09783252
LUAD,LUAD,4,4,0.037805356,0.011904165,0.08362137,0.400381,0.46628812
LUAD,LUAD,4,4,0.0018899654,0.00018578405,0.00093709194,0.030903893,0.9660832
BRCA,BRCA,0,0,0.99740016,8.375027e-05,0.00079106307,0.00065559347,0.0010695062
LSCC,LSCC,3,3,0.068323396,0.010942815,0.18551867,0.6496277,0.08558741
ESCA,ESCA,1,1,0.069459386,0.51432693,0.17353958,0.19930162,0.04337251
BRCA,BRCA,0,0,0.96974146,0.0023429627,0.007941734,0.0052106837,0.014763119
BRCA,BRCA,0,0,0.95293957,0.0027654248,0.0153075615,0.017491544,0.011495758
LSCC,LSCC,3,3,0.010371696,0.0011129074,0.026844088,0.94854915,0.013122236
LSCC,LSCC,3,3,0.015971903,0.0022249396,0.09299863,0.8570605,0.031743992
LUAD,LUAD,4,4,0.02733585,0.0010890999,0.006186014,0.0808707,0.8845184
HNSCC,HNSCC,2,2,0.004453531,0.014225602,0.95010436,0.027948078,0.0032685027
HNSCC,HNSCC,2,2,0.013312458,0.013222597,0.7463903,0.21531998,0.011754635
BRCA,HNSCC,0,2,0.2722344,0.00033215014,0.3512009,0.18775819,0.18847427
BRCA,BRCA,0,0,0.96908265,0.0012004854,0.010284265,0.0126764355,0.006756173
LUAD,HNSCC,4,2,0.2722344,0.00033215014,0.3512009,0.18775819,0.18847427
BRCA,BRCA,0,0,0.9623381,0.0003496242,0.011116455,0.013131506,0.013064228
BRCA,BRCA,0,0,0.81065243,0.0054380996,0.05400769,0.07929231,0.05060947
BRCA,BRCA,0,0,0.7790117,0.00582326,0.049057443,0.09267768,0.07342977
BRCA,BRCA,0,0,0.99108726,0.00026635436,0.0027479508,0.0028231062,0.003075335
LUAD,LUAD,4,4,0.009377674,0.00063249306,0.0019619514,0.016297126,0.9717308
LUAD,LUAD,4,4,0.008968497,0.00024680223,0.0019308421,0.034099545,0.9547543
BRCA,BRCA,0,0,0.98187524,0.0006927659,0.0059165624,0.0064000264,0.0051153777
LSCC,HNSCC,3,2,0.2722344,0.00033215014,0.3512009,0.18775819,0.18847427
BRCA,BRCA,0,0,0.9989687,2.1812064e-05,0.00025039644,0.00021422181,0.0005448361
LUAD,LUAD,4,4,0.017343896,0.00069445313,0.0033798655,0.022759246,0.9558225
LSCC,HNSCC,3,2,0.2722344,0.00033215014,0.3512009,0.18775819,0.18847427
BRCA,BRCA,0,0,0.9993098,3.7972804e-05,0.00021894749,0.000106288644,0.000326954
BRCA,HNSCC,0,2,0.2722344,0.00033215014,0.3512009,0.18775819,0.18847427
LSCC,LSCC,3,3,0.029654354,0.000896876,0.016873602,0.8745514,0.07802377
ESCA,BRCA,1,0,0.4096038,0.25400522,0.14153998,0.079488076,0.115362935
LUAD,LUAD,4,4,0.0043790936,0.00018782238,0.0010878074,0.007856897,0.9864884
LUAD,LUAD,4,4,0.013863399,0.0009358383,0.007966826,0.32580948,0.65142447
HNSCC,HNSCC,2,2,0.014706431,0.0044257054,0.9486271,0.025015136,0.0072256955
HNSCC,HNSCC,2,2,0.003272957,0.0014530884,0.9815431,0.011458057,0.002272748
HNSCC,HNSCC,2,2,0.08089992,0.11197952,0.61818886,0.15363456,0.035297167
LSCC,HNSCC,3,2,0.06463608,0.022276452,0.59163815,0.28243425,0.039015036
LUAD,BRCA,4,0,0.3748514,0.005215682,0.059518952,0.20655844,0.35385552
BRCA,BRCA,0,0,0.93630975,0.0015756155,0.017020313,0.030954115,0.014140188
BRCA,BRCA,0,0,0.970169,0.0020088714,0.009530533,0.00873294,0.009558641
ESCA,ESCA,1,1,0.09858063,0.74239856,0.0666934,0.025840122,0.06648733
BRCA,BRCA,0,0,0.9466821,0.00078257057,0.011855022,0.014601895,0.026078401
HNSCC,HNSCC,2,2,0.00622107,0.0086409645,0.9713047,0.010631233,0.0032020912
LSCC,LSCC,3,3,0.00850893,0.0017013412,0.03474536,0.94169956,0.013344802
LSCC,LSCC,3,3,0.018217511,0.0031743909,0.040402632,0.87601036,0.062195037
HNSCC,HNSCC,2,2,0.020768153,0.007132821,0.874207,0.085782416,0.012109598
LUAD,LUAD,4,4,0.013169446,0.001185566,0.006987376,0.04430345,0.93435425
BRCA,BRCA,0,0,0.7243775,0.046865914,0.09892416,0.07060427,0.05922812
BRCA,BRCA,0,0,0.8257968,0.0050285514,0.053292572,0.07155248,0.04432963
LUAD,LUAD,4,4,0.01384332,0.0011661627,0.007805087,0.10234655,0.8748389
LSCC,LSCC,3,3,0.13439815,0.0034919616,0.10849679,0.62952137,0.12409165
LSCC,LSCC,3,3,0.027937377,0.00474477,0.033054158,0.59852946,0.3357342
HNSCC,HNSCC,2,2,0.0019014562,0.0010183242,0.98960644,0.0060207928,0.0014528879
LUAD,HNSCC,4,2,0.2722344,0.00033215014,0.3512009,0.18775819,0.18847427
LSCC,LSCC,3,3,0.042521335,0.0009842737,0.019280437,0.7988163,0.1383976
BRCA,BRCA,0,0,0.999074,1.7324466e-05,0.00027655117,0.00021656175,0.00041554935
BRCA,BRCA,0,0,0.9882564,0.0008204767,0.0037515128,0.0027177387,0.0044538723
BRCA,BRCA,0,0,0.9818958,0.00058898743,0.005264955,0.0061090533,0.0061412337
HNSCC,HNSCC,2,2,0.002993093,0.0053996807,0.9767755,0.01279222,0.0020394982
LSCC,HNSCC,3,2,0.069190726,0.008944301,0.5068976,0.36393923,0.05102809
LUAD,HNSCC,4,2,0.2722344,0.00033215014,0.3512009,0.18775819,0.18847427
HNSCC,HNSCC,2,2,0.2722344,0.00033215014,0.3512009,0.18775819,0.18847427
BRCA,BRCA,0,0,0.99438924,0.00068880606,0.0017197996,0.001395823,0.0018063542
BRCA,BRCA,0,0,0.9886358,0.0034574913,0.0032071704,0.001635231,0.0030642808
LUAD,LUAD,4,4,0.052065834,0.004422781,0.024537958,0.1361254,0.782848
BRCA,BRCA,0,0,0.99936086,7.109382e-05,0.00016763282,7.2511706e-05,0.00032797322
BRCA,BRCA,0,0,0.9863302,0.0011771083,0.0035703366,0.00323929,0.005683074
HNSCC,HNSCC,2,2,0.010005289,0.007450975,0.96331203,0.014337957,0.0048936857
BRCA,BRCA,0,0,0.9996278,1.1739237e-05,0.0001284199,7.485188e-05,0.00015701115
BRCA,BRCA,0,0,0.98201156,0.004036414,0.0053094435,0.002941021,0.005701576
LUAD,LUAD,4,4,0.024995832,0.000982561,0.0036176678,0.020483991,0.94991994
LUAD,LUAD,4,4,0.24401218,0.0050511453,0.03765046,0.16407901,0.54920727
LUAD,LUAD,4,4,0.0018434548,0.00027670249,0.00084917113,0.0061865803,0.9908441
LUAD,LUAD,4,4,0.013987907,0.002639467,0.024511812,0.41685385,0.54200697
BRCA,BRCA,0,0,0.7974153,0.012003074,0.05296962,0.06978648,0.067825444
HNSCC,HNSCC,2,2,0.0032578583,0.008353347,0.9675038,0.01837521,0.002509882
BRCA,BRCA,0,0,0.88601357,0.0097117815,0.046606265,0.039068405,0.018600019
BRCA,BRCA,0,0,0.99354035,0.00091516034,0.0019426267,0.0015723036,0.0020295444
HNSCC,HNSCC,2,2,0.025725653,0.004162271,0.91704553,0.040405482,0.012661112
LUAD,BRCA,4,0,0.42450836,0.0051251403,0.08216186,0.14563496,0.3425697
BRCA,BRCA,0,0,0.96876556,0.0008039694,0.0073658405,0.011825724,0.011238949
HNSCC,HNSCC,2,2,0.0014175266,0.0065044677,0.97537816,0.01571258,0.0009872591
BRCA,BRCA,0,0,0.8454655,0.0029039937,0.036033016,0.068684675,0.046912912
LUAD,LUAD,4,4,0.009354634,0.00038571956,0.0026802423,0.03256399,0.9550153
LUAD,LUAD,4,4,0.029586634,0.0007485438,0.0051298807,0.046050884,0.918484
LUAD,HNSCC,4,2,0.2722344,0.00033215014,0.3512009,0.18775819,0.18847427
LSCC,LSCC,3,3,0.073700555,0.019484572,0.21488644,0.64535964,0.046568837
BRCA,BRCA,0,0,0.9980956,7.0543756e-05,0.00043910908,0.00031511308,0.0010795984
BRCA,BRCA,0,0,0.99363565,8.604071e-05,0.0015295479,0.0015488274,0.0031999894
BRCA,BRCA,0,0,0.9483847,0.0036483807,0.017745037,0.01159405,0.01862774
LUAD,LUAD,4,4,0.016695041,0.005573344,0.017925091,0.08861494,0.8711915
HNSCC,HNSCC,2,2,0.2722344,0.00033215014,0.3512009,0.18775819,0.18847427
LSCC,LSCC,3,3,0.05827674,0.0040278123,0.103802584,0.5678964,0.26599652
BRCA,HNSCC,0,2,0.2722344,0.00033215014,0.3512009,0.18775819,0.18847427
HNSCC,HNSCC,2,2,0.16768248,0.017257936,0.52472025,0.22640824,0.06393108
LSCC,LSCC,3,3,0.069047265,0.0041386485,0.06041314,0.80851185,0.057889044
LUAD,LUAD,4,4,0.037209306,0.0044350536,0.025236243,0.28117418,0.65194523
BRCA,BRCA,0,0,0.61928165,0.009437947,0.09482717,0.22659552,0.0498577
LSCC,LSCC,3,3,0.018079314,0.012448807,0.12897083,0.80593646,0.03456459
LUAD,LUAD,4,4,0.09542285,0.007494892,0.053139128,0.14773768,0.6962054
HNSCC,HNSCC,2,2,0.30217972,0.02266769,0.40285748,0.16481103,0.10748409
LUAD,LUAD,4,4,0.008911304,0.0002719595,0.001375061,0.012516766,0.9769249
BRCA,BRCA,0,0,0.9547792,0.0008461755,0.008637631,0.024593705,0.011143322
BRCA,HNSCC,0,2,0.2722344,0.00033215014,0.3512009,0.18775819,0.18847427
BRCA,BRCA,0,0,0.99295115,0.00101232,0.0025347734,0.001721148,0.0017806544
LSCC,BRCA,3,0,0.425791,0.0607519,0.20748976,0.16902024,0.13694713
LUAD,LUAD,4,4,0.33316356,0.0025163677,0.06678567,0.15678316,0.44075125
LSCC,LSCC,3,3,0.0059340824,0.00088401884,0.010698457,0.93070966,0.051773738
LUAD,LUAD,4,4,0.0068460405,0.00040701742,0.0019028746,0.022905568,0.9679385
LUAD,LUAD,4,4,0.007199599,0.00035345828,0.0014468719,0.016803686,0.9741964
BRCA,BRCA,0,0,0.94553846,0.0014108083,0.015613738,0.017393736,0.02004326
BRCA,BRCA,0,0,0.9409903,0.0011093545,0.01487467,0.030252166,0.012773471
BRCA,BRCA,0,0,0.971839,0.00083604513,0.008155252,0.011901759,0.0072678956
BRCA,BRCA,0,0,0.6211398,0.04124728,0.1391306,0.1420683,0.056413963
BRCA,BRCA,0,0,0.998793,3.5451758e-05,0.0003444546,0.00024476464,0.00058238156
LUAD,LUAD,4,4,0.009694656,0.00023694479,0.0010745707,0.0072402875,0.9817535
LUAD,LUAD,4,4,0.032679066,0.0017345006,0.008105053,0.07272026,0.88476115
HNSCC,HNSCC,2,2,0.0021070973,0.0035393338,0.97490406,0.017441802,0.0020077263
HNSCC,HNSCC,2,2,0.032858744,0.11874979,0.75040793,0.08078809,0.017195432
BRCA,BRCA,0,0,0.9937587,0.000114443974,0.0018907926,0.0020120945,0.0022239806
HNSCC,BRCA,2,0,0.28602877,0.04603239,0.28205392,0.23503439,0.15085047
LUAD,LUAD,4,4,0.003184065,0.00049946166,0.0010231559,0.0013798136,0.9939136
HNSCC,HNSCC,2,2,0.041513342,0.009089525,0.83670497,0.084920175,0.027771993
LSCC,LSCC,3,3,0.032258604,0.005685727,0.08318069,0.8396404,0.039234605
BRCA,BRCA,0,0,0.99761415,3.664851e-05,0.0007838809,0.00068588456,0.0008793936
BRCA,HNSCC,0,2,0.2722344,0.00033215014,0.3512009,0.18775819,0.18847427
LUAD,LUAD,4,4,0.18301693,0.14301902,0.1553287,0.25435758,0.2642778
LUAD,LUAD,4,4,0.005788386,0.00061151566,0.0033491966,0.0621095,0.9281414
LUAD,LUAD,4,4,0.13027647,0.010153933,0.038923066,0.10152176,0.7191248
BRCA,BRCA,0,0,0.6908344,0.00827941,0.067509815,0.18105783,0.052318525
BRCA,BRCA,0,0,0.9000176,0.0048113815,0.029776853,0.0416634,0.023730673
LSCC,HNSCC,3,2,0.2722344,0.00033215014,0.3512009,0.18775819,0.18847427
LSCC,LSCC,3,3,0.011191643,0.006160833,0.114067964,0.83315617,0.035423372
LUAD,LUAD,4,4,0.08525525,0.0029433381,0.02925754,0.28167585,0.60086805
LSCC,LSCC,3,3,0.0047819354,0.001313879,0.02609583,0.95951104,0.008297297
HNSCC,HNSCC,2,2,0.003953825,0.0055675693,0.9463108,0.040269174,0.00389861
BRCA,BRCA,0,0,0.9894125,0.0003786477,0.0030600128,0.0030299802,0.0041188714
BRCA,BRCA,0,0,0.9934182,0.0004590293,0.0019745075,0.00220454,0.0019437192
BRCA,BRCA,0,0,0.9994104,3.911277e-05,0.00016287851,8.2250495e-05,0.00030534595
BRCA,BRCA,0,0,0.9693842,0.0041997856,0.009816578,0.0073645758,0.009234864
BRCA,HNSCC,0,2,0.2722344,0.00033215014,0.3512009,0.18775819,0.18847427
LUAD,HNSCC,4,2,0.2722344,0.00033215014,0.3512009,0.18775819,0.18847427
BRCA,BRCA,0,0,0.97788686,0.001096139,0.0068324623,0.0060543343,0.00813014
BRCA,BRCA,0,0,0.9985745,4.1738116e-05,0.00042012797,0.00031816782,0.00064558734
BRCA,BRCA,0,0,0.8509481,0.0034176111,0.03799378,0.072579704,0.03506078
HNSCC,HNSCC,2,2,0.0084705,0.020255374,0.9524574,0.014861016,0.0039556236
BRCA,BRCA,0,0,0.7976447,0.010452992,0.06839409,0.06981165,0.05369656
LSCC,HNSCC,3,2,0.2722344,0.00033215014,0.3512009,0.18775819,0.18847427
BRCA,BRCA,0,0,0.66569096,0.008057553,0.11313697,0.17216241,0.040952105
LUAD,LUAD,4,4,0.005573726,0.0008618997,0.004721582,0.049777657,0.93906504
HNSCC,HNSCC,2,2,0.020702878,0.010210913,0.7250506,0.2303314,0.01370423
ESCA,ESCA,1,1,0.21870635,0.3375222,0.18808526,0.112872906,0.14281327
LUAD,HNSCC,4,2,0.2722344,0.00033215014,0.3512009,0.18775819,0.18847427
LSCC,HNSCC,3,2,0.2722344,0.00033215014,0.3512009,0.18775819,0.18847427
