sample_id,y_true,y_pred,prob_BRCA,prob_HNSCC,prob_LSCC,prob_LUAD
CPTAC:BRCA:11BR047,BRCA,BRCA,0.999997508368869,6.59081122765607e-08,8.452484689820778e-07,1.5804745497204367e-06
CPTAC:BRCA:11BR043,BRCA,BRCA,0.999994465527699,1.944856348985311e-07,3.220197127470688e-06,2.1197895387099195e-06
CPTAC:BRCA:11BR049,BRCA,BRCA,0.9999957692291935,1.3723672668480841e-07,1.9416620473582454e-06,2.1518720323155086e-06
CPTAC:BRCA:11BR023,BRCA,BRCA,0.9999935859515036,5.060547270326289e-07,2.516948699489215e-06,3.3910450700411205e-06
CPTAC:BRCA:18BR010,BRCA,BRCA,0.9999966768408597,1.6969458110020008e-07,8.501214185720691e-07,2.30334314054761e-06
CPTAC:BRCA:06BR003,BRCA,BRCA,0.9999981422752549,3.07077759039022e-07,1.029384646841181e-06,5.212623391609436e-07
CPTAC:BRCA:11BR074,BRCA,BRCA,0.9999966826774338,2.022259709524156e-07,9.337731242817817e-07,2.1813234709963437e-06
CPTAC:BRCA:18BR017,BRCA,BRCA,0.9999969654615568,2.2582813131732046e-07,8.788923922397093e-07,1.9298179197121387e-06
CPTAC:BRCA:01BR017,BRCA,BRCA,0.9999976623667384,3.1890789916022935e-07,7.831239521079279e-07,1.235601410335677e-06
CPTAC:BRCA:06BR006,BRCA,BRCA,0.9999738893524811,5.466609462476717e-07,3.050189872978075e-07,2.525896758531083e-05
CPTAC:BRCA:09BR005,BRCA,BRCA,0.9999947537449599,3.624382205931441e-07,4.5078770604929e-07,4.433029113467358e-06
CPTAC:BRCA:11BR017,BRCA,BRCA,0.9998505470376218,3.4958266559561283e-07,2.1833991928467427e-05,0.00012726938778413575
CPTAC:BRCA:01BR015,BRCA,BRCA,0.9999958705432657,1.392965592441433e-07,5.135025615754867e-07,3.476657613549321e-06
CPTAC:BRCA:11BR025,BRCA,BRCA,0.9999978082892281,1.1307511328739624e-07,1.2575160558468014e-06,8.21119602830257e-07
CPTAC:BRCA:01BR001,BRCA,BRCA,0.9999896600496527,1.545371830439174e-07,6.689036827163708e-07,9.51650948146014e-06
CPTAC:BRCA:11BR031,BRCA,BRCA,0.9999889848195878,9.950174375770069e-08,3.4558689005138484e-06,7.4598097678826605e-06
CPTAC:BRCA:01BR032,BRCA,BRCA,0.9999976442986478,1.716109019264667e-07,4.5807943399984197e-07,1.726011016245088e-06
CPTAC:BRCA:05BR045,BRCA,BRCA,0.999995191586168,1.2430637504492648e-07,1.6538219334806834e-06,3.030285523355376e-06
CPTAC:BRCA:11BR053,BRCA,BRCA,0.9999992304353293,2.3570127322364285e-08,1.4502195431431577e-07,6.009725889748929e-07
CPTAC:BRCA:01BR027,BRCA,BRCA,0.9999956179817591,1.4244698277177272e-06,1.7830621098327367e-06,1.17448630333907e-06
CPTAC:BRCA:14BR008,BRCA,BRCA,0.9999951749044125,2.254211084791628e-07,2.240662917642584e-07,4.375608187201441e-06
CPTAC:BRCA:18BR002,BRCA,BRCA,0.9999961827191987,9.408916004686303e-08,7.85514846966658e-07,2.937676794288483e-06
CPTAC:BRCA:03BR013,BRCA,BRCA,0.9999958921870478,2.680673827526019e-07,8.618316707421414e-07,2.9779138988512407e-06
CPTAC:BRCA:11BR032,BRCA,BRCA,0.9999981498959257,6.83208317230052e-08,4.97308251181996e-07,1.2844749915420979e-06
CPTAC:BRCA:21BR010,BRCA,BRCA,0.9999974936388694,4.623420773995546e-08,4.870130177714114e-07,1.973113905087142e-06
CPTAC:BRCA:03BR004,BRCA,BRCA,0.99999406409787,1.9535841852868816e-07,2.728997810769443e-07,5.467643930461753e-06
CPTAC:BRCA:11BR003,BRCA,BRCA,0.9999859406977545,1.7934140958518867e-07,1.0015969296790052e-05,3.863991539195686e-06
CPTAC:BRCA:11BR028,BRCA,BRCA,0.9999888670288928,2.1673365527369917e-07,1.6703615076222846e-06,9.24587594420078e-06
CPTAC:BRCA:18BR004,BRCA,BRCA,0.9999968375181745,3.6041800006733683e-07,1.3130225535068551e-06,1.4890412719408704e-06
CPTAC:BRCA:20BR005,BRCA,BRCA,0.999996619664107,4.331048161435654e-07,1.1951236604391284e-06,1.7521074163456211e-06
CPTAC:BRCA:11BR073,BRCA,BRCA,0.9999953554427822,2.2687319851913206e-08,3.313233538795438e-06,1.3086363590768135e-06
CPTAC:BRCA:11BR009,BRCA,BRCA,0.9999991502117016,2.9893811206500993e-08,7.052531890124853e-08,7.493691683131961e-07
CPTAC:BRCA:18BR019,BRCA,BRCA,0.9999942657310019,2.1933936483770973e-07,3.075220683562832e-06,2.43970894962557e-06
CPTAC:BRCA:20BR001,BRCA,BRCA,0.9999960466632108,1.2332800899415072e-07,1.3371178700176794e-06,2.492890910054537e-06
CPTAC:BRCA:09BR007,BRCA,BRCA,0.9999937952481295,9.484247776661162e-08,1.0065194684658663e-06,5.1033899242005855e-06
CPTAC:BRCA:11BR020,BRCA,BRCA,0.9999698018281556,1.1336530790005506e-07,1.5071809829211591e-06,2.8577625553524166e-05
CPTAC:BRCA:20BR002,BRCA,BRCA,0.999996025422927,3.780328528053711e-07,7.681070194355892e-07,2.828437200820896e-06
CPTAC:BRCA:11BR019,BRCA,BRCA,0.9999580101497839,3.588570204474037e-07,2.6620830672498556e-05,1.5010162523012162e-05
CPTAC:BRCA:20BR008,BRCA,BRCA,0.9999940918175165,7.81481334350605e-08,1.7798442392123583e-06,4.050190110870526e-06
CPTAC:BRCA:01BR033,BRCA,BRCA,0.9999970402193632,2.0185427594952573e-07,6.589752486342376e-07,2.0989511122111414e-06
CPTAC:BRCA:11BR022,BRCA,BRCA,0.999993027760448,1.841314718001036e-07,3.739729192059076e-06,3.0483788881834267e-06
CPTAC:BRCA:11BR013,BRCA,BRCA,0.9999976375441721,4.037382808204177e-07,7.416146358504487e-07,1.2171029112454704e-06
CPTAC:BRCA:03BR010,BRCA,BRCA,0.9999978549844141,5.8149946781206375e-08,1.2455466579711194e-06,8.413189812938864e-07
CPTAC:BRCA:20BR007,BRCA,BRCA,0.9999610825894676,3.839173860151755e-07,2.0956129461654247e-05,1.7577363684835422e-05
CPTAC:BRCA:11BR030,BRCA,BRCA,0.9999748056839988,7.487627772497706e-08,3.3961607482770574e-06,2.1723278975232006e-05
CPTAC:BRCA:18BR007,BRCA,BRCA,0.999996665226655,1.0170067961954313e-07,1.986290858164212e-06,1.2467818072523032e-06
CPTAC:BRCA:11BR050,BRCA,BRCA,0.9999876855638621,4.371295081101076e-07,1.0574679354197312e-06,1.0819838694535031e-05
CPTAC:BRCA:05BR001,BRCA,BRCA,0.9999886208648974,1.0436991318445477e-07,1.623321313741252e-06,9.651443875735998e-06
CPTAC:BRCA:11BR014,BRCA,BRCA,0.999995694799739,3.071683620459873e-07,6.65234941424355e-07,3.332796957510752e-06
CPTAC:BRCA:22BR005,BRCA,BRCA,0.9999952380951839,2.421576787924734e-07,1.771038444165758e-06,2.7487086930601975e-06
CPTAC:BRCA:11BR010,BRCA,BRCA,0.9999967384323609,2.0058728191340037e-07,9.283496141767174e-07,2.1326307429755203e-06
CPTAC:BRCA:01BR031,BRCA,BRCA,0.9999956283492062,1.8121097679589557e-07,9.103060659153165e-07,3.280133751238074e-06
CPTAC:BRCA:11BR011,BRCA,BRCA,0.9999827654929324,1.1955483108455597e-07,2.5823798939489817e-06,1.4532572342517563e-05
CPTAC:BRCA:03BR005,BRCA,BRCA,0.9999439869445607,4.99049538362334e-07,5.171669732344742e-07,5.4996838927735996e-05
CPTAC:BRCA:18BR003,BRCA,BRCA,0.9999977809920286,1.2141935608897642e-07,1.2988425470753197e-06,7.987460682781566e-07
CPTAC:BRCA:11BR024,BRCA,BRCA,0.9999764093636136,4.0116495640192286e-07,1.523402293197195e-05,7.955448498036274e-06
CPTAC:BRCA:05BR016,BRCA,BRCA,0.9999946454145017,1.802401305567308e-07,1.72559524776579e-06,3.4487501200852838e-06
CPTAC:BRCA:01BR030,BRCA,BRCA,0.9999743002308334,2.6109842456542173e-07,1.0991994483899344e-05,1.4446676258082594e-05
CPTAC:BRCA:01BR018,BRCA,BRCA,0.9999960167101613,1.3388567451725025e-07,1.4361143913603228e-06,2.4132897728998205e-06
CPTAC:BRCA:05BR042,BRCA,BRCA,0.9999903401608092,1.6083898953415014e-07,5.0155372692798166e-06,4.483462931859722e-06
CPTAC:BRCA:11BR054,BRCA,BRCA,0.9999963361787702,1.520905032206523e-07,9.845863085027453e-07,2.527144418233067e-06
CPTAC:BRCA:05BR044,BRCA,BRCA,0.999995235542501,6.33772225109376e-08,9.600821302592667e-07,3.7409981461838943e-06
CPTAC:BRCA:11BR006,BRCA,BRCA,0.9999925211774414,4.503379964653823e-07,1.3580530531192277e-06,5.670431508996068e-06
CPTAC:BRCA:14BR005,BRCA,BRCA,0.9999986456881038,1.2067535430483408e-07,6.340632859347857e-07,5.995732559258766e-07
CPTAC:BRCA:11BR044,BRCA,BRCA,0.9999852853737509,3.636652139234958e-07,7.593264053250065e-06,6.757696981892097e-06
CPTAC:BRCA:11BR016,BRCA,BRCA,0.9999818613210554,3.1661909887048903e-07,7.903549008206911e-06,9.918510837401475e-06
CPTAC:BRCA:11BR055,BRCA,BRCA,0.9999971118409269,2.1144735737175162e-07,5.584965211467224e-07,2.118215194674462e-06
CPTAC:BRCA:06BR005,BRCA,BRCA,0.9999955172145611,1.0101009012351282e-07,5.733107616261861e-07,3.8084645870822897e-06
CPTAC:BRCA:11BR042,BRCA,BRCA,0.9999835662680229,1.3023540671533546e-07,3.0048829287832727e-06,1.329861364162828e-05
CPTAC:BRCA:11BR018,BRCA,BRCA,0.9999973549025578,1.6866458986417726e-07,4.507833075816489e-07,2.0256495446870914e-06
CPTAC:BRCA:05BR009,BRCA,BRCA,0.999996272279867,1.2838160689068354e-07,3.722502890821641e-07,3.227088236967577e-06
CPTAC:BRCA:01BR025,BRCA,BRCA,0.9999997049693526,2.532868099812767e-08,1.4131590618845077e-07,1.2838606016344824e-07
CPTAC:BRCA:11BR015,BRCA,BRCA,0.999998608459618,1.7584672144075698e-07,6.614589645271168e-07,5.542346961584276e-07
CPTAC:BRCA:11BR040,BRCA,BRCA,0.9999994703821089,4.0509782793206624e-08,7.785806482971692e-08,4.112500436176971e-07
CPTAC:BRCA:11BR004,BRCA,BRCA,0.999988201379507,3.7295385454054473e-07,5.485888017680013e-06,5.939778620778419e-06
CPTAC:BRCA:01BR043,BRCA,BRCA,0.9999938087895271,1.0425374201506505e-06,9.984816496287806e-07,4.150191403054012e-06
CPTAC:BRCA:05BR003,BRCA,BRCA,0.9999944211178529,6.258072447144903e-07,1.346759186524719e-06,3.6063157159071537e-06
CPTAC:BRCA:05BR029,BRCA,BRCA,0.9999975791657478,4.3392953282598234e-07,1.4238328799461159e-06,5.630718394109901e-07
CPTAC:BRCA:05BR043,BRCA,BRCA,0.9999974743336029,9.674614533339472e-08,1.6840676602504256e-06,7.448525914990211e-07
CPTAC:BRCA:05BR026,BRCA,BRCA,0.9999950484412466,3.2527259880758864e-07,2.6067522751794564e-07,4.36561092692825e-06
CPTAC:BRCA:11BR056,BRCA,BRCA,0.9999943298220091,1.8032962621967772e-07,2.173805357566075e-06,3.3160430070889596e-06
CPTAC:BRCA:11BR038,BRCA,BRCA,0.9999951897695669,1.0340044932687188e-07,6.859730205339431e-07,4.020856963139072e-06
CPTAC:BRCA:11BR036,BRCA,BRCA,0.9999979740422315,2.279897346928437e-07,1.4808986061732389e-06,3.1706942774283165e-07
CPTAC:BRCA:18BR009,BRCA,BRCA,0.9999969472580783,1.1044232923335494e-07,5.631863370463724e-07,2.379113255327415e-06
CPTAC:BRCA:18BR006,BRCA,BRCA,0.9999969810897358,8.534390084921913e-08,7.798152297793359e-07,2.1537511334697417e-06
CPTAC:BRCA:22BR006,BRCA,BRCA,0.9999987383624549,9.894330893845932e-08,3.472891956602477e-07,8.154050405488324e-07
CPTAC:BRCA:11BR072,BRCA,BRCA,0.9999985220712982,1.0788877186057643e-07,1.9567948006471383e-07,1.1743604499925817e-06
CPTAC:BRCA:11BR027,BRCA,BRCA,0.9999926174750485,1.2803625741196125e-07,1.3970122702494594e-06,5.857476423753047e-06
CPTAC:BRCA:01BR040,BRCA,BRCA,0.9999963218886194,3.892401924996548e-07,2.1513130376952656e-06,1.1375581504881097e-06
CPTAC:BRCA:11BR059,BRCA,BRCA,0.9999950394064787,6.151344361847791e-08,2.1519180237134304e-06,2.747162053957571e-06
CPTAC:BRCA:11BR051,BRCA,BRCA,0.9999981148661367,6.531956505799411e-08,5.737874540788966e-07,1.2460268440384811e-06
CPTAC:BRCA:05BR038,BRCA,BRCA,0.9999943806253413,1.1275738556294028e-07,5.140274718037964e-07,4.99258980146412e-06
CPTAC:BRCA:11BR060,BRCA,BRCA,0.9999945581690388,5.692839593519001e-08,1.164034299242031e-06,4.220868265942172e-06
CPTAC:BRCA:09BR004,BRCA,BRCA,0.999968081032019,3.5486557681974593e-07,2.3168803358440568e-05,8.395299045814872e-06
CPTAC:BRCA:11BR075,BRCA,BRCA,0.9999835176103256,2.4989486013037893e-07,5.757592596902917e-07,1.5656735554684778e-05
CPTAC:BRCA:03BR002,BRCA,BRCA,0.9999992580253271,3.727011787657571e-08,2.3506441340465806e-07,4.6964014158951603e-07
CPTAC:BRCA:16BR012,BRCA,BRCA,0.9999912139214893,3.8433667900736504e-07,1.2237552690665216e-06,7.177986562727204e-06
CPTAC:BRCA:06BR014,BRCA,BRCA,0.9999996060423556,1.1356848845090563e-08,7.446894377870249e-08,3.081318517285472e-07
CPTAC:BRCA:01BR044,BRCA,BRCA,0.9999980240203029,7.450500636292936e-08,7.327058663062736e-08,1.8282041039244584e-06
CPTAC:BRCA:18BR016,BRCA,BRCA,0.9999973032997929,4.710892089245989e-08,3.7835467024112344e-07,2.2712366161619144e-06
CPTAC:BRCA:05BR005,BRCA,BRCA,0.9999949463502724,1.9380344776428356e-07,5.884414404821869e-07,4.271404839393512e-06
CPTAC:BRCA:13BR009,BRCA,BRCA,0.9999943228931887,1.0130251624205692e-07,2.4209967009554173e-06,3.1548075940613697e-06
CPTAC:BRCA:11BR080,BRCA,BRCA,0.9999921866465089,2.3388053780267552e-07,5.562621485847784e-06,2.016851467443019e-06
CPTAC:BRCA:604,BRCA,BRCA,0.9999994169431897,4.8924026088392034e-08,1.3710179692871732e-07,3.9703098724085163e-07
CPTAC:BRCA:01BR042,BRCA,BRCA,0.9999976333652756,8.818169399056922e-08,8.281868439901505e-07,1.4502661864228065e-06
CPTAC:BRCA:15BR003,BRCA,BRCA,0.9999988123497227,4.814574074944826e-08,2.2639840133519324e-07,9.131061351198311e-07
CPTAC:BRCA:14BR014,BRCA,BRCA,0.9999967030744142,3.3356628560400285e-07,2.971964700618264e-07,2.6661628302277664e-06
CPTAC:BRCA:11BR058,BRCA,BRCA,0.9999920551949316,1.717136202033126e-07,8.181751225150271e-07,6.9549163257009044e-06
CPTAC:BRCA:11BR012,BRCA,BRCA,0.9999971975972328,5.101829292955291e-08,1.4758187369432045e-06,1.2755657373191644e-06
CPTAC:BRCA:01BR009,BRCA,BRCA,0.999993810382824,2.460323266781339e-07,4.878967631885239e-06,1.0646172174573334e-06
CPTAC:BRCA:01BR008,BRCA,BRCA,0.9999861876354579,2.838734591360532e-07,9.0246577030126e-06,4.503833379975752e-06
CPTAC:BRCA:21BR001,BRCA,BRCA,0.9999886713958102,1.403623679268293e-07,5.427720395955181e-06,5.760521425947747e-06
CPTAC:BRCA:21BR002,BRCA,BRCA,0.9999966607366537,3.774412138509309e-08,1.049511461538787e-06,2.252007763429552e-06
CPTAC:BRCA:01BR026,BRCA,BRCA,0.9999968691586703,2.04095971161049e-07,9.380216028898708e-07,1.9887237555966924e-06
CPTAC:BRCA:05BR004,BRCA,BRCA,0.9999981458028352,9.61050494859654e-08,1.0922658204187746e-06,6.65826294959335e-07
CPTAC:BRCA:03BR006,BRCA,BRCA,0.9999849363610172,7.349636321794735e-07,9.652197636290378e-06,4.676477714339918e-06
CPTAC:BRCA:01BR023,BRCA,BRCA,0.9999982228915496,1.0564883732082303e-07,9.020465559657809e-07,7.694130570991795e-07
CPTAC:BRCA:01BR020,BRCA,BRCA,0.9999903081219148,6.679314732733803e-07,6.191058116913946e-06,2.832888494970395e-06
CPTAC:BRCA:20BR006,BRCA,BRCA,0.9999982916634955,1.2043448394809278e-07,1.1658227553396543e-06,4.2207926515282477e-07
CPTAC:BRCA:09BR001,BRCA,BRCA,0.9999969793999353,2.3270014936628682e-07,1.024517408500651e-06,1.7633825068518545e-06
CPTAC:BRCA:03BR011,BRCA,BRCA,0.9999960134408066,3.4135138826951527e-07,8.712410385910983e-07,2.773966766565702e-06
CPTAC:BRCA:01BR010,BRCA,BRCA,0.999991361456942,1.2627946909790906e-07,3.3677122674404797e-06,5.144551321253867e-06
CPTAC:LUAD:C3N-01799,LUAD,LUAD,5.2513599203030743e-05,3.1040174947094494e-07,0.0012450911951166006,0.998702084803931
CPTAC:LUAD:C3L-01890,LUAD,LUAD,4.891147243217119e-05,3.370005124823828e-07,0.001053824699753793,0.9988969268273017
CPTAC:LUAD:C3N-00572,LUAD,LUAD,9.147175636898697e-05,3.1816937907011497e-07,0.0017744644345704839,0.9981337456396815
CPTAC:LUAD:C3N-02423,LUAD,LUAD,7.286444082952215e-05,3.6864543751078837e-07,0.0014299246205616539,0.9984968422931711
CPTAC:LUAD:C3N-02729,LUAD,LUAD,6.921344360553046e-05,1.3195787082005932e-07,0.0016690476705485873,0.998261606927975
CPTAC:LUAD:C3L-00263,LUAD,LUAD,3.7041590211486794e-05,1.9255304993113798e-07,0.0012567598840761845,0.9987060059726623
CPTAC:LUAD:C3N-01410,LUAD,LUAD,4.334713442125343e-05,9.166987715071412e-08,0.0009322982918330293,0.9990242629038686
CPTAC:LUAD:C3N-00578,LUAD,LUAD,3.576453886046729e-05,9.635931426182507e-08,0.0005166196718079006,0.9994475194300174
CPTAC:LUAD:C3N-02587,LUAD,LUAD,4.351902863818696e-05,1.3320222042411467e-07,0.0013544061116538262,0.9986019416574874
CPTAC:LUAD:C3L-00893,LUAD,LUAD,5.494734363679333e-05,1.6571046139862127e-07,0.0008595335741607023,0.999085353371741
CPTAC:LUAD:C3N-01488,LUAD,LUAD,4.062007960691392e-05,1.0065795955359744e-07,0.0014808933615225203,0.998478385900911
CPTAC:LUAD:C3N-01413,LUAD,LUAD,5.0863333701953044e-05,1.736183485574393e-07,0.0015696897518409105,0.9983792732961088
CPTAC:LUAD:C3N-01030,LUAD,LUAD,5.8282394719903005e-05,4.270159390853469e-07,0.0016121057591205433,0.9983291848302205
CPTAC:LUAD:C3N-02588,LUAD,LUAD,5.356660840613041e-05,3.1214742819576153e-07,0.0015148285430612116,0.9984312927011045
CPTAC:LUAD:C3N-00552,LUAD,LUAD,9.633760904340327e-05,4.821472267413656e-07,0.0012575263382516425,0.9986456539054782
CPTAC:LUAD:C3L-01889,LUAD,LUAD,7.687294301403881e-05,3.855301973701859e-07,0.0017043725954683838,0.9982183689313202
CPTAC:LUAD:C3N-00169,LUAD,LUAD,2.452900174235854e-05,1.6109849397783314e-07,0.00054534374119291,0.9994299661585707
CPTAC:LUAD:C3L-00422,LUAD,LUAD,4.029021129752395e-05,1.9130658943343052e-07,0.0007801452781784029,0.9991793732039346
CPTAC:LUAD:C3L-00083,LUAD,LUAD,5.326389879807558e-05,2.45649701029955e-07,0.0012709806641511142,0.9986755097873498
CPTAC:LUAD:C3N-00551,LUAD,LUAD,3.88643262859207e-05,1.9069881332085885e-07,0.0017908282758787042,0.998170116699022
CPTAC:LUAD:C3N-02089,LUAD,LUAD,2.120808457217906e-05,1.4954866848176576e-07,0.0007107153544873642,0.999267927012272
CPTAC:LUAD:C3L-01682,LUAD,LUAD,2.7194820025027127e-05,1.1030963583926162e-07,0.0009707757952386138,0.9990019190751005
CPTAC:LUAD:C3N-01016,LUAD,LUAD,2.3245436713817654e-05,1.3919253411764665e-07,0.0008527176124060508,0.9991238977583459
CPTAC:LUAD:C3N-00580,LUAD,LUAD,1.3091499233323263e-05,7.091247742803143e-08,0.0007710691380144906,0.9992157684502748
CPTAC:LUAD:C3N-02000,LUAD,LUAD,3.0043063618822196e-05,1.5923188908871172e-07,0.0007655591078257731,0.9992042385966664
CPTAC:LUAD:C3N-01489,LUAD,LUAD,3.154223382640485e-05,2.0195716175864793e-07,0.0008822217161882616,0.9990860340928236
CPTAC:LUAD:C3N-00737,LUAD,LUAD,2.713100142521179e-05,2.607162377487425e-07,0.0017005468883036967,0.9982720613940335
CPTAC:LUAD:C3N-01405,LUAD,LUAD,3.719641021424795e-05,2.6066442085979863e-07,0.0013630376987698437,0.998599505226595
CPTAC:LUAD:C3N-01416,LUAD,LUAD,3.345005391616421e-05,1.5404935545554856e-07,0.0009295522245840776,0.9990368436721444
CPTAC:LUAD:C3N-02149,LUAD,LUAD,2.2448311470187013e-05,1.0936152880329214e-07,0.0016180942129572083,0.9983593481140438
CPTAC:LUAD:C3N-02424,LUAD,LUAD,5.143153288519454e-05,2.2031936874522773e-07,0.0018129833997503893,0.9981353647479956
CPTAC:LUAD:C3L-00279,LUAD,LUAD,8.617627924681322e-05,3.3735691711212804e-07,0.0017550625467133924,0.9981584238171226
CPTAC:LUAD:C3L-00095,LUAD,LUAD,6.071548413553645e-05,3.653646179530673e-07,0.0020597041579662285,0.9978792149932803
CPTAC:LUAD:C3N-00559,LUAD,LUAD,6.234343881326073e-05,2.287924200595163e-07,0.001853872792614153,0.9980835549761526
CPTAC:LUAD:C3N-02572,LUAD,LUAD,7.8942366988087e-05,2.6827839261587343e-07,0.0013327774172047513,0.9985880119374144
CPTAC:LUAD:C3L-02345,LUAD,LUAD,5.756382350236968e-05,2.486556938916331e-07,0.0011193030275787874,0.998822884493225
CPTAC:LUAD:C3L-00510,LUAD,LUAD,9.981284223463949e-05,3.187691831722542e-07,0.003518409045900363,0.9963814593426819
CPTAC:LUAD:C3L-00093,LUAD,LUAD,7.08684143992065e-05,1.897117863453483e-07,0.0011320252405446045,0.99879691663327
CPTAC:LUAD:C3L-00913,LUAD,LUAD,8.564685993177152e-05,3.6113386472084615e-07,0.004543412176944807,0.9953705798292587
CPTAC:LUAD:C3L-00412,LUAD,LUAD,4.276808159294908e-05,1.4538409177308825e-07,0.000625202519046629,0.9993318840152686
CPTAC:LUAD:C3N-01415,LUAD,LUAD,3.2264068035439744e-05,1.2317675822631168e-07,0.0009065147645915108,0.9990610979906148
CPTAC:LUAD:C3N-00549,LUAD,LUAD,7.28243467476155e-05,2.6697258417859676e-07,0.0025447764339766887,0.9973821322466916
CPTAC:LUAD:C3N-02433,LUAD,LUAD,0.00013951748020984988,5.680055438202773e-07,0.0032378108862146393,0.9966221036280316
CPTAC:LUAD:C3N-01021,LUAD,LUAD,0.00015467350466231403,6.009882360290641e-07,0.0027038370201968895,0.9971408884869046
CPTAC:LUAD:C3L-01330,LUAD,LUAD,0.000158259024846834,5.85307578977996e-07,0.005342330294560164,0.994498825373014
CPTAC:LUAD:C3N-00203,LUAD,LUAD,0.00013469480058511576,4.931521465292957e-07,0.004511253918453365,0.9953535581288151
CPTAC:LUAD:C3N-00574,LUAD,LUAD,0.0003654203122988646,9.708352538906888e-07,0.013394992776274697,0.9862386160761725
CPTAC:LUAD:C3N-01071,LUAD,LUAD,1.3239975087488793e-05,2.2989182643990898e-07,0.0006264183488013983,0.9993601117842847
CPTAC:LUAD:C3N-00550,LUAD,LUAD,6.676229073377106e-05,1.1481510534393067e-06,0.0033213902098900537,0.9966106993483228
CPTAC:LUAD:C3N-00167,LUAD,LUAD,3.924775746247047e-05,1.963905942001202e-07,0.0017878241583788451,0.9981727316935645
CPTAC:LUAD:C3L-00001,LUAD,LUAD,3.048091786325936e-05,4.0603438065800923e-07,0.0021188705138443014,0.9978502425339117
CPTAC:LUAD:C3L-01632,LUAD,LUAD,4.765190643144055e-05,2.706262512884218e-07,0.002500989762340992,0.9974510877049763
CPTAC:LUAD:C3N-02155,LUAD,LUAD,1.9890326602750966e-05,1.3093099670212296e-07,0.0009684748673821218,0.9990115038750182
CPTAC:LUAD:C3N-00217,LUAD,LUAD,3.0386572673591555e-05,1.797535792911466e-07,0.001655270009716302,0.9983141636640307
CPTAC:LUAD:C3N-02002,LUAD,LUAD,4.779825036739841e-05,2.1236572540247426e-07,0.001833135897442325,0.9981188534864649
CPTAC:LUAD:C3N-02145,LUAD,LUAD,3.4920566270434716e-05,1.694712165956725e-07,0.0014108543609793545,0.9985540556015335
CPTAC:LUAD:C3L-02219,LUAD,LUAD,2.1186083892757348e-05,1.086063438120683e-07,0.0009043649013266402,0.9990743404084368
CPTAC:LUAD:C3N-02586,LUAD,LUAD,2.967757026004667e-05,1.416791182332969e-07,0.0014698483107229523,0.9985003324398987
CPTAC:LUAD:C3N-00180,LUAD,LUAD,2.7190160932209096e-05,1.7802908734302779e-07,0.00047289328021918206,0.9994997385297613
CPTAC:LUAD:C3N-00704,LUAD,LUAD,2.4017085348295153e-05,8.534788301504717e-08,0.0005837188390639281,0.9993921787277049
CPTAC:LUAD:C3N-02158,LUAD,LUAD,6.236070626920652e-05,1.9108617088581173e-07,0.0016840147735024394,0.9982534334340574
CPTAC:LUAD:C3N-02421,LUAD,LUAD,7.218336659794807e-05,1.7638611296327748e-07,0.0011616565544562832,0.9987659836928326
CPTAC:LUAD:C3N-00556,LUAD,LUAD,3.2230711635703925e-05,1.452160100515995e-07,0.0008226097102085099,0.9991450143621458
CPTAC:LUAD:C3N-01072,LUAD,LUAD,9.814795642510335e-05,3.080009799603767e-07,0.0022253917541335045,0.9976761522884614
CPTAC:LUAD:C3L-00094,LUAD,LUAD,7.856213385596097e-05,3.4235561916576805e-07,0.0021643552122968335,0.9977567402982279
CPTAC:LUAD:C3L-00144,LUAD,LUAD,7.41655831364139e-05,2.986544200157969e-07,0.0019078439097217077,0.9980176918527217
CPTAC:LUAD:C3N-00223,LUAD,LUAD,7.856386884213101e-05,2.3077895807015258e-07,0.0018063423170333235,0.9981148630351666
CPTAC:LUAD:C3L-01924,LUAD,LUAD,4.14041133926248e-05,1.2720452709220063e-07,0.0006908614345237688,0.9992676072475565
CPTAC:LUAD:C3N-00433,LUAD,LUAD,3.7930045464783466e-05,1.387512672623878e-07,0.0015259147027582196,0.9984360165005097
CPTAC:LUAD:C3L-01683,LUAD,LUAD,7.90723653111864e-05,2.92258360378745e-07,0.0017903549560810794,0.9981302804202474
CPTAC:LUAD:C3N-00293,LUAD,LUAD,0.00021351653192600785,4.939761877575566e-07,0.006136616586499995,0.9936493729053864
CPTAC:LUAD:C3N-02380,LUAD,LUAD,8.961865500721597e-05,2.2109461297823356e-07,0.001791441030222289,0.9981187192201575
CPTAC:LUAD:C3L-00009,LUAD,LUAD,1.9248450345867863e-05,2.140102512968674e-07,0.0018570421208648344,0.9981234954185378
CPTAC:LUAD:C3N-00546,LUAD,LUAD,6.0322362385818134e-05,3.462627289897185e-07,0.0016795389281746298,0.9982597924467107
CPTAC:LUAD:C3N-01414,LUAD,LUAD,4.124754604009621e-05,2.9669020404707655e-07,0.0021063966550906475,0.9978520591086651
CPTAC:LUAD:C3N-02087,LUAD,LUAD,4.6574071182346115e-05,1.9217732422363422e-07,0.0012344186722855956,0.9987188150792078
CPTAC:LUAD:C3L-00140,LUAD,LUAD,2.1945359296682898e-05,8.987053798430315e-08,0.0006980515727100388,0.9992799131974552
CPTAC:LUAD:C3N-02529,LUAD,LUAD,3.0698151003182306e-05,1.032311705657752e-07,0.0009539827795660291,0.9990152158382603
CPTAC:LUAD:C3L-00368,LUAD,LUAD,7.642379663764322e-05,1.9513246624110348e-07,0.001325141806643531,0.9985982392642526
CPTAC:LUAD:C3N-02067,LUAD,LUAD,4.155280853375799e-05,1.481187448573626e-07,0.0013791144915445966,0.9985791845811768
CPTAC:LUAD:C3L-00080,LUAD,LUAD,3.1776753166326265e-05,2.2085686171155694e-07,0.0006623341653785861,0.9993056682245933
CPTAC:LUAD:C3N-00547,LUAD,LUAD,2.2710247333340103e-05,2.0146315566120627e-07,0.0006636108738651919,0.9993134774156457
CPTAC:LUAD:C3N-01023,LUAD,LUAD,3.7814560760915215e-05,2.1954071426483212e-07,0.0012153937394589246,0.9987465721590658
CPTAC:LUAD:C3N-01024,LUAD,LUAD,8.506955281514543e-05,3.61595091744891e-07,0.002024422430584395,0.9978901464215086
CPTAC:LUAD:C3L-00973,LUAD,LUAD,7.222840283825073e-05,1.996802367358892e-07,0.001921351672278204,0.9980062202446469
CPTAC:LUAD:C3L-02348,LUAD,LUAD,4.167607425173616e-05,2.688574785385035e-07,0.0015120071842675495,0.9984460478840023
CPTAC:LUAD:C3L-02508,LUAD,LUAD,0.00012733712734526415,2.8732238471826877e-07,0.00553427786465719,0.9943380976856129
CPTAC:LUAD:C3N-00560,LUAD,LUAD,6.0624845528365104e-05,2.2304492145841058e-07,0.00191248760300553,0.9980266645065445
CPTAC:LUAD:C3L-00604,LUAD,LUAD,7.723752705481175e-05,2.548754557594191e-07,0.0032521797714776366,0.996670327826012
CPTAC:LUAD:C3N-00199,LUAD,LUAD,6.980271327281339e-05,2.3501156578966393e-07,0.002441457347429586,0.9974885049277318
CPTAC:LUAD:C3N-00579,LUAD,LUAD,6.09889530678525e-05,2.698996242582922e-07,0.002264529433200278,0.9976742117141076
CPTAC:LUAD:C3N-02582,LUAD,LUAD,0.00010540344635655558,6.016145797080436e-07,0.004134420593057525,0.995759574346006
CPTAC:LUAD:C3L-02350,LUAD,LUAD,2.0740460580278907e-05,9.79174642981097e-08,0.0006160852307523664,0.9993630763912031
CPTAC:LUAD:C3N-00738,LUAD,LUAD,3.189692377247642e-05,1.5311248219323792e-07,0.0008464311758951889,0.9991215187878502
CPTAC:LUAD:C3N-00959,LUAD,LUAD,1.0048447130290339e-05,4.0746978275779045e-08,0.000521977654331067,0.9994679331515604
CPTAC:LUAD:C3N-02003,LUAD,LUAD,2.4145648560239527e-05,9.11339888026325e-08,0.0011122983925689824,0.998863464824882
CPTAC:LUAD:C3N-02379,LUAD,LUAD,6.544060140311508e-05,1.876776333838877e-07,0.0013142670190614222,0.998620104701902
CPTAC:LUAD:C3N-00175,LUAD,LUAD,4.284253875602059e-05,2.837912752719471e-07,0.0020672413477296563,0.997889632322239
CPTAC:LUAD:C3N-01823,LUAD,LUAD,5.780599296766869e-05,2.3454213769272578e-07,0.002738065463254953,0.9972038940016398
CPTAC:LUAD:C3L-02549,LUAD,LUAD,6.249894354177144e-05,2.76256805606926e-07,0.002286880138477369,0.9976503446611753
CPTAC:LUAD:C3L-02365,LUAD,LUAD,4.283844440153975e-05,3.127321913538151e-07,0.0017978336375195467,0.9981590151858875
CPTAC:LSCC:C3L-02665,LSCC,LSCC,6.224990498393903e-06,0.00021340179840298627,0.9876420724768185,0.012138300734280008
CPTAC:LSCC:C3L-01663,LSCC,LSCC,1.1569722987146788e-05,0.0003614658729730645,0.9838798248724425,0.015747139531597232
CPTAC:LSCC:C3N-02575,LSCC,LSCC,1.2495133263279468e-05,0.00040215086714146946,0.9827477480279162,0.016837605971679093
CPTAC:LSCC:C3L-02546,LSCC,LSCC,2.225470301360806e-05,0.0008296508539317496,0.9748713113571184,0.024276783085936404
CPTAC:LSCC:C3L-02963,LSCC,LSCC,2.939591264814603e-05,0.001219912234489892,0.991812455462439,0.006938236390422932
CPTAC:LSCC:C3N-04162,LSCC,LSCC,1.3389246290076668e-05,0.0005670669521867888,0.9925989799243202,0.006820563877202886
CPTAC:LSCC:C3L-02646,LSCC,LSCC,1.152633853647278e-05,0.0006861117644634086,0.9926948202073931,0.006607541689606948
CPTAC:LSCC:C3N-02285,LSCC,LSCC,2.3478939261797497e-05,0.0009556961378479321,0.9865714627739485,0.012449362148941802
CPTAC:LSCC:C3N-03875,LSCC,LSCC,2.5014693627232573e-05,0.0006874987804468417,0.9853485031332438,0.013938983392682206
CPTAC:LSCC:C3N-03424,LSCC,LSCC,2.7315349019717355e-05,0.0007738077429914985,0.9797338101860653,0.019465066721923566
CPTAC:LSCC:C3N-01017,LSCC,LSCC,3.24875907020862e-05,0.0005047466110126455,0.9862353094901135,0.013227456308171737
CPTAC:LSCC:C3L-00081,LSCC,LSCC,3.4436709826223164e-05,0.0007248869462166812,0.9861878397968031,0.013052836547153992
CPTAC:LSCC:C3L-02649,LSCC,LSCC,3.553927239227743e-05,0.0006308998624409836,0.9922780904473767,0.007055470417790056
CPTAC:LSCC:C3N-02252,LSCC,LSCC,1.02876927300852e-05,0.0003071068120801605,0.9940872464158532,0.005595359079336518
CPTAC:LSCC:C3L-03963,LSCC,LSCC,1.0594039903775746e-05,0.00039415432482407825,0.9940093197349187,0.005585931900353561
CPTAC:LSCC:C3N-03072,LSCC,LSCC,1.353251677636128e-05,0.0003944272420219227,0.9948732021779825,0.004718838063219262
CPTAC:LSCC:C3L-02969,LSCC,LSCC,9.02930944832287e-06,0.00022272320043458386,0.9937063963216028,0.00606185116851417
CPTAC:LSCC:C3N-03662,LSCC,LSCC,1.3613351862356268e-05,0.00027091200589846054,0.9911044798831325,0.008610994759106703
CPTAC:LSCC:C3N-03051,LSCC,LSCC,4.907072819207351e-05,0.0007348350601955271,0.9835016697645137,0.01571442444709867
CPTAC:LSCC:C3N-02434,LSCC,LSCC,7.370009634475442e-06,0.0004111659275852778,0.9970476848564407,0.0025337792063394563
CPTAC:LSCC:C3L-02127,LSCC,LSCC,1.0945659241802272e-05,0.000589906093633195,0.9818078428680577,0.017591305379067335
CPTAC:LSCC:C3N-02339,LSCC,LSCC,9.087775230290467e-06,0.0006422686204240074,0.993549610394855,0.005799033209490762
CPTAC:LSCC:C3L-03961,LSCC,LSCC,4.003933386907569e-05,0.0011481851306899208,0.9741246081599555,0.024687167375485507
CPTAC:LSCC:C3L-04391,LSCC,LSCC,1.4438080262498451e-05,0.0004721838009058058,0.9936953892277242,0.005817988891107551
CPTAC:LSCC:C3L-02619,LSCC,LSCC,1.744116819776751e-05,0.00026096414705055975,0.990350969899366,0.0093706247853857
CPTAC:LSCC:C3N-02494,LSCC,LSCC,1.714255916490828e-05,0.0002873037866372349,0.985944166963779,0.013751386690418768
CPTAC:LSCC:C3N-03880,LSCC,LSCC,1.4596112233363696e-05,0.0002899523666277962,0.9910860664252401,0.00860938509589881
CPTAC:LSCC:C3N-03092,LSCC,LSCC,3.420004006062903e-05,0.0005810496383397391,0.9867742377098768,0.012610512611722743
CPTAC:LSCC:C3L-02669,LSCC,LSCC,1.0544805333734388e-05,0.00023078033966223268,0.9926471310774734,0.007111543777530779
CPTAC:LSCC:C3N-03877,LSCC,LSCC,2.123403702205993e-05,0.0004155458965302606,0.9935931943011541,0.005970025765293416
CPTAC:LSCC:C3N-01846,LSCC,LSCC,1.5011961161187491e-05,0.00038185433737288364,0.9862202624428735,0.013382871258592468
CPTAC:LSCC:C3L-02964,LSCC,LSCC,6.617273053257929e-06,0.0001421247724493146,0.9941154337608302,0.00573582419366714
CPTAC:LSCC:C3N-02288,LSCC,LSCC,8.705407440949186e-06,0.00021105464553535525,0.9860743595532004,0.013705880393823287
CPTAC:LSCC:C3L-01606,LSCC,LSCC,1.4303860783047398e-05,0.00042464377153362393,0.9808531853062219,0.018707867061461426
CPTAC:LSCC:C3L-02164,LSCC,LSCC,4.330628813766718e-06,0.00013636707748790027,0.9940573529909359,0.005801949302762515
CPTAC:LSCC:C3N-02374,LSCC,LSCC,1.5946315598923686e-05,0.00031193889218915187,0.9930685160097906,0.006603598782421324
CPTAC:LSCC:C3N-02675,LSCC,LSCC,1.110344401754529e-05,0.0004820111198426223,0.9801782703568813,0.01932861507925847
CPTAC:LSCC:C3N-02523,LSCC,LSCC,1.5627004409626813e-05,0.0005501293509286825,0.9625049237951062,0.036929319849555366
CPTAC:LSCC:C3L-02130,LSCC,LSCC,1.6004736633165617e-05,0.0006329909298636179,0.9790785980145243,0.020272406318978854
CPTAC:LSCC:C3N-02426,LSCC,LSCC,2.757630598741872e-05,0.0007048068635802548,0.9839452781705019,0.015322338659930422
CPTAC:LSCC:C3L-00923,LSCC,LSCC,1.6701730359043716e-05,0.00047814551918824553,0.9916079283403632,0.007897224410089358
CPTAC:LSCC:C3N-03486,LSCC,LSCC,1.4594747203906273e-05,0.0002826697606728078,0.9844042085272037,0.015298526964919621
CPTAC:LSCC:C3N-04127,LSCC,LSCC,2.2152297015923592e-05,0.0006546027742298733,0.9886346074126168,0.010688637516137373
CPTAC:LSCC:C3L-02951,LSCC,LSCC,1.1495846872920444e-05,0.0003714599190414865,0.9816412400888674,0.01797580414521811
CPTAC:LSCC:C3L-02629,LSCC,LSCC,2.102681816766545e-05,0.000556080197818107,0.9923563984814108,0.007066494502603632
CPTAC:LSCC:C3L-04013,LSCC,LSCC,1.9504275068096947e-05,0.0008102062486081216,0.9761729496408516,0.02299733983547213
CPTAC:LSCC:C3N-00221,LSCC,LSCC,1.837194816285924e-05,0.0007687690816875929,0.9799813964635662,0.01923146250658328
CPTAC:LSCC:C3L-00568,LSCC,LSCC,1.048752997514523e-05,0.0002444245836464035,0.9865993992547031,0.013145688631675232
CPTAC:LSCC:C3N-04155,LSCC,LSCC,1.571159170252027e-05,0.0009365722748821061,0.9639838935051495,0.035063822628265934
CPTAC:LSCC:C3N-01025,LSCC,LSCC,3.60415479170812e-05,0.0008031918757571172,0.9657887165883626,0.0333720499879634
CPTAC:LSCC:C3L-02552,LSCC,LSCC,8.736454881307374e-06,0.00036645880485364235,0.9952215982368136,0.0044032065034513975
CPTAC:LSCC:C3N-02375,LSCC,LSCC,6.574412167674696e-06,0.0001607446082994336,0.9939747069594611,0.005857974020071719
CPTAC:LSCC:C3L-02660,LSCC,LSCC,8.211158273003026e-06,0.00036304570496450414,0.9935129638107856,0.006115779325976988
CPTAC:LSCC:C3L-01884,LSCC,LSCC,8.755085814220211e-06,0.0002746296124788458,0.9858799115265038,0.013836703775203083
CPTAC:LSCC:C3L-01285,LSCC,LSCC,1.4199651878606918e-05,0.000608638011403706,0.9825845624698656,0.01679259986685195
CPTAC:LSCC:C3L-02627,LSCC,LSCC,1.284187231449638e-05,0.0005162549505277276,0.9900521555327735,0.009418747644384249
CPTAC:LSCC:C3L-00993,LSCC,LSCC,7.505976961323052e-06,0.0003734337667522289,0.9895794038071302,0.010039656449156272
CPTAC:LSCC:C3N-02425,LSCC,LSCC,1.0295381980140175e-05,0.00031184259550878763,0.9885291845103782,0.011148677512132943
CPTAC:LSCC:C3N-00555,LSCC,LSCC,1.3580216144295554e-05,0.00031530185093743985,0.9680454882518779,0.031625629681040476
CPTAC:LSCC:C3N-01893,LSCC,LSCC,2.4741334009644205e-05,0.0005897727071905571,0.9852882038287337,0.01409728213006607
CPTAC:LSCC:C3N-03093,LSCC,LSCC,1.4973258730491713e-05,0.0005095345523334946,0.9870995182812093,0.01237597390772664
CPTAC:LSCC:C3L-01455,LSCC,LSCC,6.7520755968445555e-06,0.0002736983541605594,0.9913367113914884,0.00838283817875418
CPTAC:LSCC:C3N-03848,LSCC,LSCC,8.38008991189985e-06,0.0002989802178113618,0.9951613835583151,0.004531256133961718
CPTAC:LSCC:C3L-02968,LSCC,LSCC,1.4942275933958947e-05,0.0005394620586733665,0.9822802340132594,0.017165361652133233
CPTAC:LSCC:C3N-03204,LSCC,LSCC,8.753776010718502e-06,0.0002619774905314016,0.9890275482308224,0.010701720502635362
CPTAC:LSCC:C3L-00445,LSCC,LSCC,1.1050052826139343e-05,0.0004139303605096364,0.9847140938833554,0.014860925703308622
CPTAC:LSCC:C3N-02289,LSCC,LSCC,1.761372689867049e-05,0.0006236208482691924,0.9906948037650325,0.008663961659799815
CPTAC:LSCC:C3L-03962,LSCC,LSCC,1.5119562665455588e-05,0.0004379359460547925,0.9853692975688082,0.014177646922471506
CPTAC:LSCC:C3L-03272,LSCC,LSCC,1.3710410746324202e-05,0.0005240466090829962,0.9874316603427773,0.012030582637393518
CPTAC:LSCC:C3N-01411,LSCC,LSCC,9.288846580245532e-06,0.0003426019449032354,0.9859076481403513,0.013740461068165136
CPTAC:LSCC:C3L-00415,LSCC,LSCC,1.9762606917935327e-05,0.00042666710729966935,0.9901657037479287,0.009387866537853772
CPTAC:LSCC:C3N-03882,LSCC,LSCC,2.3070813226600638e-05,0.0008705647190654367,0.9764833244765183,0.022623039991189586
CPTAC:LSCC:C3L-01000,LSCC,LSCC,8.256513050885793e-06,0.00019037560775070597,0.9901978385423122,0.009603529336886064
CPTAC:LSCC:C3L-02650,LSCC,LSCC,4.602962749379328e-06,9.43317463989754e-05,0.9899358549427262,0.009965210348125385
CPTAC:LSCC:C3L-02358,LSCC,LSCC,1.4167169406592136e-05,0.00026326799096426846,0.9928719987147643,0.006850566124864776
CPTAC:LSCC:C3L-02168,LSCC,LSCC,9.557546820946698e-06,0.0002962873905264173,0.9874408858281184,0.012253269234534176
CPTAC:LSCC:C3L-02625,LSCC,LSCC,3.624666220409075e-05,0.0015771059871852382,0.9893073693817915,0.009079277968819301
CPTAC:LSCC:C3N-01028,LSCC,LSCC,2.449567872816081e-05,0.0006134028932978357,0.9867793042679331,0.0125827971600409
CPTAC:LSCC:C3N-02435,LSCC,LSCC,2.0654553638098866e-05,0.000819280668890031,0.9895636129020697,0.009596451875402087
CPTAC:LSCC:C3N-03441,LSCC,LSCC,8.449906894081226e-06,0.0003029846905921512,0.9972311273623571,0.002457438040156841
CPTAC:LSCC:C3L-04071,LSCC,LSCC,9.578872221015427e-06,0.00026830775488930446,0.9944448961857324,0.0052772171871572245
CPTAC:LSCC:C3N-01020,LSCC,LSCC,2.0490204705992888e-05,0.0004896580021734361,0.9678263604907646,0.03166349130235601
CPTAC:LSCC:C3N-00497,LSCC,LSCC,2.0590162693644863e-05,0.0004940621425263027,0.9814578032100045,0.01802754448477557
CPTAC:LSCC:C3N-01194,LSCC,LSCC,2.1675306377291387e-05,0.00047327084160084574,0.9836062792876409,0.0158987745643808
CPTAC:LSCC:C3L-02648,LSCC,LSCC,1.6130579450602385e-05,0.0005445970133054566,0.9845798879218708,0.014859384485373172
CPTAC:LSCC:C3L-02891,LSCC,LSCC,5.891255209141845e-06,0.00031877041096418956,0.9935813964037988,0.0060939419300278345
CPTAC:LSCC:C3L-00927,LSCC,LSCC,5.0361666184382735e-06,0.00021725064524758122,0.9929463918338046,0.006831321354329413
CPTAC:LSCC:C3N-03886,LSCC,LSCC,6.365224974605666e-06,0.0002532911388211113,0.9956931222737935,0.004047221362410788
CPTAC:LSCC:C3L-04014,LSCC,LSCC,8.037246533620976e-06,0.0002917142651962088,0.9945900341416871,0.005110214346583024
CPTAC:LSCC:C3N-03076,LSCC,LSCC,6.5182569663884306e-06,0.00017805913552201936,0.9941591998153154,0.005656222792196125
CPTAC:LSCC:C3N-03425,LSCC,LSCC,9.316263774967712e-06,0.0002728685893305401,0.9948635172710898,0.004854297875804716
CPTAC:LSCC:C3L-02163,LSCC,LSCC,9.188586311951203e-06,0.0003168578063424467,0.99421639872724,0.005457554880105728
CPTAC:LSCC:C3N-04124,LSCC,LSCC,1.2798026584434388e-05,0.00028831481732845694,0.9859895949364166,0.013709292219670603
CPTAC:LSCC:C3L-00904,LSCC,LSCC,8.866147625009772e-06,0.0003343961509963714,0.9960767647837305,0.0035799729176480104
CPTAC:LSCC:C3N-01892,LSCC,LSCC,8.984023385940129e-06,0.0003477326227856806,0.9913325456031608,0.00831073775066757
CPTAC:LSCC:C3L-00603,LSCC,LSCC,2.204006166965785e-05,0.0008182351569192856,0.9853926876452143,0.013767037136196841
CPTAC:LSCC:C3L-03965,LSCC,LSCC,1.6351864782952662e-05,0.0006080147595128474,0.9900989088055295,0.009276724570174663
CPTAC:LSCC:C3N-03851,LSCC,LSCC,9.40477657006434e-06,0.00031908758551087195,0.9934309405244927,0.0062405671134264954
CPTAC:LSCC:C3L-02349,LSCC,LSCC,1.0387891497453395e-05,0.00041796281129432753,0.9814083572841747,0.018163292013033485
CPTAC:HNSCC:C3N-01858,HNSCC,HNSCC,5.291419857418059e-06,0.9826683237288802,0.017324785253793405,1.5995974688824828e-06
CPTAC:HNSCC:C3L-00997,HNSCC,HNSCC,1.4202950945774652e-05,0.9904719110205844,0.009510139583476877,3.7464449929200578e-06
CPTAC:HNSCC:C3N-03849,HNSCC,HNSCC,7.630925451552102e-06,0.9869735684498183,0.013015671537175848,3.129087554271965e-06
CPTAC:HNSCC:C3N-01859,HNSCC,HNSCC,1.0089239986350431e-05,0.9822707342258172,0.017717334715815436,1.8418183807958477e-06
CPTAC:HNSCC:C3N-03933,HNSCC,HNSCC,1.344881038275903e-05,0.9861201035360281,0.013863541475004015,2.906178585070191e-06
CPTAC:HNSCC:C3L-00999,HNSCC,HNSCC,9.962575379936366e-06,0.9934393793081977,0.006546422590994631,4.235525427745047e-06
CPTAC:HNSCC:C3N-03781,HNSCC,HNSCC,8.602384443573066e-06,0.9778602172967978,0.02212915464407788,2.0256746806726106e-06
CPTAC:HNSCC:C3N-03015,HNSCC,HNSCC,1.0933881701515945e-05,0.9704237638831306,0.029563916867983004,1.3853671850511025e-06
CPTAC:HNSCC:C3N-01620,HNSCC,HNSCC,3.851581182085697e-06,0.9807155928773041,0.019279368735518564,1.1868059952503633e-06
CPTAC:HNSCC:C3N-03012,HNSCC,HNSCC,2.8011309599891506e-06,0.9899240918795197,0.01007263005373263,4.769357876034157e-07
CPTAC:HNSCC:C3N-03490,HNSCC,HNSCC,1.4230845682540513e-05,0.9474425645540849,0.05254248533797001,7.192622626197227e-07
CPTAC:HNSCC:C3N-01758,HNSCC,HNSCC,7.488385143372512e-06,0.9942638277548556,0.0057283253634080435,3.584965930909639e-07
CPTAC:HNSCC:C3N-03045,HNSCC,HNSCC,5.825811358114817e-06,0.9932197855710881,0.0067738311719197615,5.574456338522598e-07
CPTAC:HNSCC:C3N-04277,HNSCC,HNSCC,9.490658298738777e-06,0.9756221979031026,0.024359543711388047,8.767727210757543e-06
CPTAC:HNSCC:C3N-01337,HNSCC,HNSCC,4.352495620964869e-06,0.983955738198292,0.016038723140977523,1.1861651097007873e-06
CPTAC:HNSCC:C3N-02713,HNSCC,HNSCC,9.564747211782762e-06,0.9604501651737882,0.039537625248104814,2.644830895167569e-06
CPTAC:HNSCC:C3N-03619,HNSCC,HNSCC,2.3323712199809724e-05,0.9927853920321174,0.007190481698363854,8.025573189716805e-07
CPTAC:HNSCC:C3N-01947,HNSCC,HNSCC,2.101762193024752e-05,0.9867324866703312,0.013244682821812799,1.8128859257512148e-06
CPTAC:HNSCC:C3N-01338,HNSCC,HNSCC,1.0444033245658895e-05,0.9909156537747242,0.0090720072747688,1.8949172613429203e-06
CPTAC:HNSCC:C3L-04844,HNSCC,HNSCC,3.359905289788255e-06,0.9900152067150405,0.009980502320949108,9.310587205672758e-07
CPTAC:HNSCC:C3N-01645,HNSCC,HNSCC,5.964888523536868e-06,0.9771716544353863,0.02282030194460877,2.078731481491042e-06
CPTAC:HNSCC:C3N-03011,HNSCC,HNSCC,6.808754597797813e-06,0.9939442470939768,0.0060470464760446945,1.8976753807087903e-06
CPTAC:HNSCC:C3N-01946,HNSCC,HNSCC,2.3526507165517898e-06,0.9944292991702322,0.00556688919824082,1.4589808106382927e-06
CPTAC:HNSCC:C3N-01756,HNSCC,HNSCC,3.30396104813306e-06,0.9944714048602702,0.005524517907522757,7.732711589453375e-07
CPTAC:HNSCC:C3L-01237,HNSCC,HNSCC,1.4377442168658103e-05,0.995663856531646,0.00432158676048354,1.7926570164550723e-07
CPTAC:HNSCC:C3L-04354,HNSCC,HNSCC,6.727831385396958e-06,0.9712941886919565,0.02869270900902307,6.374467635169139e-06
CPTAC:HNSCC:C3L-02621,HNSCC,HNSCC,3.3491610728656286e-06,0.9798473824043366,0.020147154997441206,2.1134371493581335e-06
CPTAC:HNSCC:C3N-03837,HNSCC,HNSCC,1.0051073860317752e-05,0.982258988941459,0.01772990776899393,1.0522156867124322e-06
CPTAC:HNSCC:C3N-04278,HNSCC,HNSCC,3.2368132172116367e-06,0.97456815895285,0.025427697410768547,9.068231641390447e-07
CPTAC:HNSCC:C3N-03027,HNSCC,HNSCC,4.569190092286601e-06,0.9901556375933271,0.00983954468738275,2.4852919786093875e-07
CPTAC:HNSCC:C3N-01943,HNSCC,HNSCC,5.17321188157083e-06,0.9778542989681795,0.022138904725806218,1.6230941325660809e-06
CPTAC:HNSCC:C3N-03620,HNSCC,HNSCC,5.3698414902589065e-05,0.9954765423378287,0.004469145991678674,6.132555898975903e-07
CPTAC:HNSCC:C3L-02617,HNSCC,HNSCC,1.540370816751101e-05,0.9858271336391067,0.014154744067210779,2.718585515021335e-06
CPTAC:HNSCC:C3L-00995,HNSCC,HNSCC,0.00019666293153231839,0.9501411761397117,0.04965116933995422,1.0991588801732313e-05
CPTAC:HNSCC:C3L-02651,HNSCC,HNSCC,0.00012270932433828218,0.9816611278856857,0.018213931657844986,2.231132131011153e-06
CPTAC:HNSCC:C3N-04279,HNSCC,HNSCC,6.118373983301739e-06,0.9915710998637193,0.008421910530711983,8.71231585455535e-07
CPTAC:HNSCC:C3N-02279,HNSCC,HNSCC,1.357079852287654e-05,0.956372735744553,0.0436099682196404,3.72523728386719e-06
CPTAC:HNSCC:C3N-02714,HNSCC,HNSCC,1.4205755335662859e-05,0.9819082603011324,0.01807694103167307,5.929118589219956e-07
CPTAC:HNSCC:C3N-00857,HNSCC,HNSCC,1.0427041017968112e-05,0.9729189713953227,0.02706953077209678,1.0707915626291302e-06
CPTAC:HNSCC:C3N-03841,HNSCC,HNSCC,6.7597444709816405e-06,0.9910664270949942,0.008925460662159504,1.3524983752867928e-06
CPTAC:HNSCC:C3N-03013,HNSCC,HNSCC,1.6990847777233196e-05,0.9858666054692425,0.014114559798902523,1.8438840776525283e-06
CPTAC:HNSCC:C3N-03878,HNSCC,HNSCC,6.903667824063472e-06,0.9804402298990427,0.019552463962778363,4.024703548653181e-07
CPTAC:HNSCC:C3N-01340,HNSCC,HNSCC,7.326687333880459e-06,0.986744450036338,0.013247797012774731,4.2626355338318614e-07
CPTAC:HNSCC:C3N-01754,HNSCC,HNSCC,1.2153017868335685e-05,0.9945004943281446,0.005486981269790785,3.713841963770248e-07
CPTAC:HNSCC:C3N-04276,HNSCC,HNSCC,8.49754846609976e-06,0.9889199815941001,0.011070573240148936,9.476172848607726e-07
CPTAC:HNSCC:C3N-03888,HNSCC,HNSCC,2.1598574899559692e-05,0.98663152852454,0.013344278386044194,2.5945145162496333e-06
CPTAC:HNSCC:C3N-03928,HNSCC,HNSCC,2.005461962358761e-05,0.9946889229404356,0.005290619078325677,4.033616150845944e-07
CPTAC:HNSCC:C3N-03488,HNSCC,HNSCC,8.084263636236378e-06,0.9582622566919738,0.041723725146422204,5.933897967710316e-06
CPTAC:HNSCC:C3N-03876,HNSCC,HNSCC,4.555945699422317e-06,0.9315779972576681,0.06841456258529308,2.8842113393584796e-06
CPTAC:HNSCC:C3L-00994,HNSCC,HNSCC,6.3909222203418504e-06,0.9901967649321065,0.009795981402440352,8.627432327620352e-07
CPTAC:HNSCC:C3N-04275,HNSCC,HNSCC,6.447969343666198e-06,0.9757533011231132,0.024239511362069373,7.395454737227034e-07
CPTAC:HNSCC:C3N-00204,HNSCC,HNSCC,7.484470552937635e-06,0.9755071289459089,0.02448453446461094,8.521189274133072e-07
CPTAC:HNSCC:C3N-03028,HNSCC,HNSCC,8.961796254208327e-06,0.9924799681219072,0.007509476851816699,1.5932300217502895e-06
CPTAC:HNSCC:C3L-03378,HNSCC,HNSCC,1.1257270486353004e-05,0.9903184252959696,0.009668899310600538,1.418122943719012e-06
CPTAC:HNSCC:C3N-03008,HNSCC,HNSCC,1.2202452601528117e-05,0.9922545496161708,0.007731093087791311,2.154843436425804e-06
CPTAC:HNSCC:C3N-01944,HNSCC,HNSCC,8.441204655944114e-06,0.9916508539798096,0.008339075682262095,1.62913327241696e-06
CPTAC:HNSCC:C3N-00829,HNSCC,HNSCC,1.0084251234288804e-05,0.9807480783157272,0.01923361659834689,8.220834691741268e-06
CPTAC:HNSCC:C3N-00295,HNSCC,HNSCC,4.282575447438764e-06,0.9891954782025877,0.01079944466117385,7.945607909164092e-07
CPTAC:HNSCC:C3N-00519,HNSCC,HNSCC,8.984934035508764e-06,0.9811944791208811,0.018793119194282032,3.416750801115792e-06
CPTAC:HNSCC:C3N-00306,HNSCC,HNSCC,1.3320080432249085e-05,0.9886138173384953,0.011372348466564772,5.141145076931015e-07
CPTAC:HNSCC:C3N-00307,HNSCC,HNSCC,1.535465617454374e-05,0.9884846982974231,0.0114994096149031,5.374314992783519e-07
CPTAC:HNSCC:C3N-00498,HNSCC,HNSCC,3.080715520105487e-05,0.9967207919621617,0.0032476502609342303,7.50621703110216e-07
