dataset,model_name,version,split,original_row_index,y_true,y_pred,y_true_encoded,y_pred_encoded,prob_cptac,prob_tcga
LUAD_core_source_top100,tabpfn_v2_5,v2_5,train,467,TCGA,TCGA,1,1,6.550121e-05,0.99993443
LUAD_core_source_top100,tabpfn_v2_5,v2_5,train,135,TCGA,TCGA,1,1,8.6598055e-05,0.99991345
LUAD_core_source_top100,tabpfn_v2_5,v2_5,train,337,TCGA,TCGA,1,1,0.001188979,0.998811
LUAD_core_source_top100,tabpfn_v2_5,v2_5,train,386,TCGA,CPTAC,1,0,0.94967806,0.05032195
LUAD_core_source_top100,tabpfn_v2_5,v2_5,train,78,CPTAC,CPTAC,0,0,0.94967806,0.05032195
LUAD_core_source_top100,tabpfn_v2_5,v2_5,train,177,TCGA,TCGA,1,1,9.255745e-05,0.9999075
LUAD_core_source_top100,tabpfn_v2_5,v2_5,train,622,TCGA,TCGA,1,1,0.00012145951,0.9998785
LUAD_core_source_top100,tabpfn_v2_5,v2_5,train,176,TCGA,TCGA,1,1,0.0002250165,0.999775
LUAD_core_source_top100,tabpfn_v2_5,v2_5,train,397,TCGA,TCGA,1,1,9.517957e-05,0.9999049
LUAD_core_source_top100,tabpfn_v2_5,v2_5,train,505,TCGA,TCGA,1,1,0.00010513154,0.99989486
LUAD_core_source_top100,tabpfn_v2_5,v2_5,train,537,TCGA,TCGA,1,1,0.00034218066,0.9996578
LUAD_core_source_top100,tabpfn_v2_5,v2_5,train,30,CPTAC,CPTAC,0,0,0.94967806,0.05032195
LUAD_core_source_top100,tabpfn_v2_5,v2_5,train,193,TCGA,TCGA,1,1,0.00016829518,0.9998317
LUAD_core_source_top100,tabpfn_v2_5,v2_5,train,191,TCGA,TCGA,1,1,0.00015780819,0.99984217
LUAD_core_source_top100,tabpfn_v2_5,v2_5,train,47,CPTAC,CPTAC,0,0,0.94967806,0.05032195
LUAD_core_source_top100,tabpfn_v2_5,v2_5,train,481,TCGA,TCGA,1,1,0.00020726198,0.99979275
LUAD_core_source_top100,tabpfn_v2_5,v2_5,train,81,CPTAC,CPTAC,0,0,0.94967806,0.05032195
LUAD_core_source_top100,tabpfn_v2_5,v2_5,train,476,TCGA,TCGA,1,1,0.00012586916,0.9998741
LUAD_core_source_top100,tabpfn_v2_5,v2_5,train,471,TCGA,TCGA,1,1,0.00027352487,0.9997265
LUAD_core_source_top100,tabpfn_v2_5,v2_5,train,127,TCGA,TCGA,1,1,6.770629e-05,0.9999323
LUAD_core_source_top100,tabpfn_v2_5,v2_5,train,314,TCGA,TCGA,1,1,9.6728974e-05,0.9999032
LUAD_core_source_top100,tabpfn_v2_5,v2_5,train,257,TCGA,TCGA,1,1,7.378511e-05,0.9999262
LUAD_core_source_top100,tabpfn_v2_5,v2_5,train,573,TCGA,TCGA,1,1,0.00013611848,0.99986386
LUAD_core_source_top100,tabpfn_v2_5,v2_5,train,360,TCGA,TCGA,1,1,0.00012038689,0.9998796
LUAD_core_source_top100,tabpfn_v2_5,v2_5,train,553,TCGA,TCGA,1,1,0.00010626378,0.99989367
LUAD_core_source_top100,tabpfn_v2_5,v2_5,train,371,TCGA,TCGA,1,1,0.00018271444,0.9998173
LUAD_core_source_top100,tabpfn_v2_5,v2_5,train,412,TCGA,TCGA,1,1,0.00050305575,0.99949694
LUAD_core_source_top100,tabpfn_v2_5,v2_5,train,118,TCGA,TCGA,1,1,0.00038675423,0.9996132
LUAD_core_source_top100,tabpfn_v2_5,v2_5,train,572,TCGA,TCGA,1,1,0.0002960282,0.99970394
LUAD_core_source_top100,tabpfn_v2_5,v2_5,train,555,TCGA,TCGA,1,1,0.000140528,0.99985945
LUAD_core_source_top100,tabpfn_v2_5,v2_5,train,39,CPTAC,CPTAC,0,0,0.94967806,0.05032195
LUAD_core_source_top100,tabpfn_v2_5,v2_5,train,107,CPTAC,CPTAC,0,0,0.94967806,0.05032195
LUAD_core_source_top100,tabpfn_v2_5,v2_5,train,583,TCGA,TCGA,1,1,0.00032152326,0.9996785
LUAD_core_source_top100,tabpfn_v2_5,v2_5,train,620,TCGA,TCGA,1,1,0.00033455272,0.99966544
LUAD_core_source_top100,tabpfn_v2_5,v2_5,train,391,TCGA,TCGA,1,1,0.00026375017,0.99973625
LUAD_core_source_top100,tabpfn_v2_5,v2_5,train,315,TCGA,TCGA,1,1,6.365371e-05,0.99993634
LUAD_core_source_top100,tabpfn_v2_5,v2_5,train,222,TCGA,TCGA,1,1,0.00013885954,0.9998611
LUAD_core_source_top100,tabpfn_v2_5,v2_5,train,311,TCGA,TCGA,1,1,0.00018855353,0.9998115
LUAD_core_source_top100,tabpfn_v2_5,v2_5,train,454,TCGA,TCGA,1,1,0.00011615596,0.9998839
LUAD_core_source_top100,tabpfn_v2_5,v2_5,train,477,TCGA,TCGA,1,1,0.00010721725,0.9998927
LUAD_core_source_top100,tabpfn_v2_5,v2_5,train,139,TCGA,TCGA,1,1,0.00012610752,0.9998739
LUAD_core_source_top100,tabpfn_v2_5,v2_5,train,227,TCGA,TCGA,1,1,0.00038651587,0.99961346
LUAD_core_source_top100,tabpfn_v2_5,v2_5,train,545,TCGA,TCGA,1,1,0.00013218563,0.9998678
LUAD_core_source_top100,tabpfn_v2_5,v2_5,train,378,TCGA,TCGA,1,1,5.6978795e-05,0.999943
LUAD_core_source_top100,tabpfn_v2_5,v2_5,train,503,TCGA,TCGA,1,1,0.0001786628,0.99982136
LUAD_core_source_top100,tabpfn_v2_5,v2_5,train,435,TCGA,TCGA,1,1,0.00011466619,0.9998853
LUAD_core_source_top100,tabpfn_v2_5,v2_5,train,120,TCGA,TCGA,1,1,3.2483476e-05,0.9999676
LUAD_core_source_top100,tabpfn_v2_5,v2_5,train,384,TCGA,TCGA,1,1,0.00013373494,0.99986625
LUAD_core_source_top100,tabpfn_v2_5,v2_5,train,500,TCGA,TCGA,1,1,0.0001355226,0.99986446
LUAD_core_source_top100,tabpfn_v2_5,v2_5,train,233,TCGA,TCGA,1,1,0.00012032729,0.9998796
LUAD_core_source_top100,tabpfn_v2_5,v2_5,train,456,TCGA,TCGA,1,1,0.00011424906,0.9998858
LUAD_core_source_top100,tabpfn_v2_5,v2_5,train,614,TCGA,TCGA,1,1,0.0002596972,0.9997403
LUAD_core_source_top100,tabpfn_v2_5,v2_5,train,67,CPTAC,CPTAC,0,0,0.94967806,0.05032195
LUAD_core_source_top100,tabpfn_v2_5,v2_5,train,460,TCGA,TCGA,1,1,0.0001239623,0.999876
LUAD_core_source_top100,tabpfn_v2_5,v2_5,train,345,TCGA,TCGA,1,1,0.00023407224,0.99976593
LUAD_core_source_top100,tabpfn_v2_5,v2_5,train,400,TCGA,TCGA,1,1,0.00020845358,0.99979156
LUAD_core_source_top100,tabpfn_v2_5,v2_5,train,379,TCGA,TCGA,1,1,0.00013409246,0.9998659
LUAD_core_source_top100,tabpfn_v2_5,v2_5,train,31,CPTAC,CPTAC,0,0,0.94967806,0.05032195
LUAD_core_source_top100,tabpfn_v2_5,v2_5,train,438,TCGA,TCGA,1,1,0.00022930608,0.9997707
LUAD_core_source_top100,tabpfn_v2_5,v2_5,train,430,TCGA,TCGA,1,1,0.00037698174,0.999623
LUAD_core_source_top100,tabpfn_v2_5,v2_5,train,574,TCGA,TCGA,1,1,0.00011079275,0.99988914
LUAD_core_source_top100,tabpfn_v2_5,v2_5,train,506,TCGA,TCGA,1,1,0.00037912693,0.99962085
LUAD_core_source_top100,tabpfn_v2_5,v2_5,train,597,TCGA,TCGA,1,1,7.020934e-05,0.9999298
LUAD_core_source_top100,tabpfn_v2_5,v2_5,train,595,TCGA,TCGA,1,1,0.00010888582,0.99989104
LUAD_core_source_top100,tabpfn_v2_5,v2_5,train,234,TCGA,TCGA,1,1,0.00027304806,0.99972695
LUAD_core_source_top100,tabpfn_v2_5,v2_5,train,487,TCGA,TCGA,1,1,9.559671e-05,0.9999044
LUAD_core_source_top100,tabpfn_v2_5,v2_5,train,249,TCGA,TCGA,1,1,0.00024908537,0.9997509
LUAD_core_source_top100,tabpfn_v2_5,v2_5,train,42,CPTAC,CPTAC,0,0,0.94967806,0.05032195
LUAD_core_source_top100,tabpfn_v2_5,v2_5,train,453,TCGA,TCGA,1,1,0.00012479656,0.9998752
LUAD_core_source_top100,tabpfn_v2_5,v2_5,train,185,TCGA,TCGA,1,1,0.00017782862,0.9998222
LUAD_core_source_top100,tabpfn_v2_5,v2_5,train,192,TCGA,TCGA,1,1,0.00035028523,0.9996497
LUAD_core_source_top100,tabpfn_v2_5,v2_5,train,230,TCGA,TCGA,1,1,0.00018438276,0.99981564
LUAD_core_source_top100,tabpfn_v2_5,v2_5,train,559,TCGA,TCGA,1,1,0.000112044174,0.99988794
LUAD_core_source_top100,tabpfn_v2_5,v2_5,train,401,TCGA,TCGA,1,1,0.0005392753,0.9994607
LUAD_core_source_top100,tabpfn_v2_5,v2_5,train,181,TCGA,TCGA,1,1,0.00019308177,0.99980694
LUAD_core_source_top100,tabpfn_v2_5,v2_5,train,65,CPTAC,CPTAC,0,0,0.94967806,0.05032195
LUAD_core_source_top100,tabpfn_v2_5,v2_5,train,66,CPTAC,CPTAC,0,0,0.94967806,0.05032195
LUAD_core_source_top100,tabpfn_v2_5,v2_5,train,382,TCGA,TCGA,1,1,0.00010143682,0.99989855
LUAD_core_source_top100,tabpfn_v2_5,v2_5,train,49,CPTAC,CPTAC,0,0,0.94967806,0.05032195
LUAD_core_source_top100,tabpfn_v2_5,v2_5,train,369,TCGA,TCGA,1,1,0.0003117543,0.99968827
LUAD_core_source_top100,tabpfn_v2_5,v2_5,train,623,TCGA,TCGA,1,1,6.812347e-05,0.9999318
LUAD_core_source_top100,tabpfn_v2_5,v2_5,train,387,TCGA,TCGA,1,1,6.895782e-05,0.9999311
LUAD_core_source_top100,tabpfn_v2_5,v2_5,train,199,TCGA,TCGA,1,1,0.00020166145,0.99979836
LUAD_core_source_top100,tabpfn_v2_5,v2_5,train,116,TCGA,TCGA,1,1,0.0001301596,0.9998698
LUAD_core_source_top100,tabpfn_v2_5,v2_5,train,164,TCGA,TCGA,1,1,0.00015971494,0.99984026
LUAD_core_source_top100,tabpfn_v2_5,v2_5,train,560,TCGA,TCGA,1,1,7.5334596e-05,0.99992466
LUAD_core_source_top100,tabpfn_v2_5,v2_5,train,89,CPTAC,CPTAC,0,0,0.94967806,0.05032195
LUAD_core_source_top100,tabpfn_v2_5,v2_5,train,241,TCGA,TCGA,1,1,0.00017449194,0.99982554
LUAD_core_source_top100,tabpfn_v2_5,v2_5,train,225,TCGA,TCGA,1,1,0.00026756473,0.99973243
LUAD_core_source_top100,tabpfn_v2_5,v2_5,train,577,TCGA,TCGA,1,1,8.189007e-05,0.9999181
LUAD_core_source_top100,tabpfn_v2_5,v2_5,train,593,TCGA,TCGA,1,1,0.00014660593,0.9998534
LUAD_core_source_top100,tabpfn_v2_5,v2_5,train,373,TCGA,TCGA,1,1,0.00038794597,0.99961203
LUAD_core_source_top100,tabpfn_v2_5,v2_5,train,403,TCGA,TCGA,1,1,0.00030713878,0.99969286
LUAD_core_source_top100,tabpfn_v2_5,v2_5,train,425,TCGA,TCGA,1,1,0.0017893865,0.9982106
LUAD_core_source_top100,tabpfn_v2_5,v2_5,train,390,TCGA,TCGA,1,1,4.9648206e-05,0.9999504
LUAD_core_source_top100,tabpfn_v2_5,v2_5,train,525,TCGA,TCGA,1,1,0.00020416382,0.99979585
LUAD_core_source_top100,tabpfn_v2_5,v2_5,train,472,TCGA,TCGA,1,1,0.000117169,0.9998828
LUAD_core_source_top100,tabpfn_v2_5,v2_5,train,493,TCGA,TCGA,1,1,0.00017568363,0.99982435
LUAD_core_source_top100,tabpfn_v2_5,v2_5,train,564,TCGA,TCGA,1,1,7.7480036e-05,0.9999225
LUAD_core_source_top100,tabpfn_v2_5,v2_5,train,404,TCGA,TCGA,1,1,6.871943e-05,0.99993134
LUAD_core_source_top100,tabpfn_v2_5,v2_5,train,274,TCGA,TCGA,1,1,0.00018176112,0.99981827
LUAD_core_source_top100,tabpfn_v2_5,v2_5,train,256,TCGA,TCGA,1,1,0.0001486319,0.99985135
LUAD_core_source_top100,tabpfn_v2_5,v2_5,train,302,TCGA,TCGA,1,1,0.00019439256,0.9998056
LUAD_core_source_top100,tabpfn_v2_5,v2_5,train,104,CPTAC,CPTAC,0,0,0.94967806,0.05032195
LUAD_core_source_top100,tabpfn_v2_5,v2_5,train,231,TCGA,TCGA,1,1,0.00013945541,0.9998605
LUAD_core_source_top100,tabpfn_v2_5,v2_5,train,259,TCGA,TCGA,1,1,0.0001284911,0.9998715
LUAD_core_source_top100,tabpfn_v2_5,v2_5,train,108,CPTAC,CPTAC,0,0,0.94967806,0.05032195
LUAD_core_source_top100,tabpfn_v2_5,v2_5,train,482,TCGA,TCGA,1,1,0.00027744222,0.99972254
LUAD_core_source_top100,tabpfn_v2_5,v2_5,train,174,TCGA,TCGA,1,1,0.00010894542,0.99989104
LUAD_core_source_top100,tabpfn_v2_5,v2_5,train,267,TCGA,TCGA,1,1,5.1376563e-05,0.9999486
LUAD_core_source_top100,tabpfn_v2_5,v2_5,train,105,CPTAC,CPTAC,0,0,0.94967806,0.05032195
LUAD_core_source_top100,tabpfn_v2_5,v2_5,train,499,TCGA,TCGA,1,1,8.7491964e-05,0.9999125
LUAD_core_source_top100,tabpfn_v2_5,v2_5,train,48,CPTAC,CPTAC,0,0,0.94967806,0.05032195
LUAD_core_source_top100,tabpfn_v2_5,v2_5,train,119,TCGA,TCGA,1,1,6.144861e-05,0.9999385
LUAD_core_source_top100,tabpfn_v2_5,v2_5,train,539,TCGA,TCGA,1,1,0.000101675185,0.9998983
LUAD_core_source_top100,tabpfn_v2_5,v2_5,train,10,CPTAC,CPTAC,0,0,0.94967806,0.05032195
LUAD_core_source_top100,tabpfn_v2_5,v2_5,train,524,TCGA,TCGA,1,1,0.00011752654,0.99988246
LUAD_core_source_top100,tabpfn_v2_5,v2_5,train,408,TCGA,TCGA,1,1,9.935106e-05,0.9999006
LUAD_core_source_top100,tabpfn_v2_5,v2_5,train,494,TCGA,TCGA,1,1,0.00015756986,0.9998424
LUAD_core_source_top100,tabpfn_v2_5,v2_5,train,605,TCGA,TCGA,1,1,0.00028949772,0.9997105
LUAD_core_source_top100,tabpfn_v2_5,v2_5,train,603,TCGA,TCGA,1,1,7.7897195e-05,0.99992204
LUAD_core_source_top100,tabpfn_v2_5,v2_5,train,602,TCGA,TCGA,1,1,0.00024098309,0.999759
LUAD_core_source_top100,tabpfn_v2_5,v2_5,train,606,TCGA,TCGA,1,1,0.00026910214,0.9997309
LUAD_core_source_top100,tabpfn_v2_5,v2_5,train,287,TCGA,TCGA,1,1,0.00019081765,0.9998092
LUAD_core_source_top100,tabpfn_v2_5,v2_5,train,128,TCGA,TCGA,1,1,0.00073831994,0.9992617
LUAD_core_source_top100,tabpfn_v2_5,v2_5,train,64,CPTAC,CPTAC,0,0,0.94967806,0.05032195
LUAD_core_source_top100,tabpfn_v2_5,v2_5,train,407,TCGA,TCGA,1,1,0.00013492671,0.99986506
LUAD_core_source_top100,tabpfn_v2_5,v2_5,train,587,TCGA,TCGA,1,1,0.00013540342,0.9998646
LUAD_core_source_top100,tabpfn_v2_5,v2_5,train,211,TCGA,TCGA,1,1,0.00011216336,0.9998878
LUAD_core_source_top100,tabpfn_v2_5,v2_5,train,531,TCGA,TCGA,1,1,0.00013933625,0.99986064
LUAD_core_source_top100,tabpfn_v2_5,v2_5,train,26,CPTAC,CPTAC,0,0,0.94967806,0.05032195
LUAD_core_source_top100,tabpfn_v2_5,v2_5,train,335,TCGA,TCGA,1,1,8.2903185e-05,0.99991703
LUAD_core_source_top100,tabpfn_v2_5,v2_5,train,569,TCGA,TCGA,1,1,5.1734154e-05,0.99994826
LUAD_core_source_top100,tabpfn_v2_5,v2_5,train,1,CPTAC,CPTAC,0,0,0.94967806,0.05032195
LUAD_core_source_top100,tabpfn_v2_5,v2_5,train,388,TCGA,TCGA,1,1,0.000110375615,0.9998896
LUAD_core_source_top100,tabpfn_v2_5,v2_5,train,465,TCGA,TCGA,1,1,0.00018211862,0.9998179
LUAD_core_source_top100,tabpfn_v2_5,v2_5,train,324,TCGA,TCGA,1,1,9.4404844e-05,0.9999056
LUAD_core_source_top100,tabpfn_v2_5,v2_5,train,339,TCGA,TCGA,1,1,0.00010900502,0.99989104
LUAD_core_source_top100,tabpfn_v2_5,v2_5,train,194,TCGA,TCGA,1,1,7.843356e-05,0.99992156
LUAD_core_source_top100,tabpfn_v2_5,v2_5,train,613,TCGA,TCGA,1,1,0.0001939159,0.9998061
LUAD_core_source_top100,tabpfn_v2_5,v2_5,train,522,TCGA,TCGA,1,1,7.551338e-05,0.9999244
LUAD_core_source_top100,tabpfn_v2_5,v2_5,train,548,TCGA,TCGA,1,1,0.00020678535,0.99979323
LUAD_core_source_top100,tabpfn_v2_5,v2_5,train,447,TCGA,TCGA,1,1,0.00011776491,0.9998822
LUAD_core_source_top100,tabpfn_v2_5,v2_5,train,415,TCGA,TCGA,1,1,0.0007583367,0.99924165
LUAD_core_source_top100,tabpfn_v2_5,v2_5,train,156,TCGA,TCGA,1,1,7.1818446e-05,0.99992824
LUAD_core_source_top100,tabpfn_v2_5,v2_5,train,396,TCGA,TCGA,1,1,0.00022477818,0.99977523
LUAD_core_source_top100,tabpfn_v2_5,v2_5,train,45,CPTAC,CPTAC,0,0,0.94967806,0.05032195
LUAD_core_source_top100,tabpfn_v2_5,v2_5,train,451,TCGA,TCGA,1,1,9.214029e-05,0.99990785
LUAD_core_source_top100,tabpfn_v2_5,v2_5,train,439,TCGA,TCGA,1,1,0.00056310254,0.9994369
LUAD_core_source_top100,tabpfn_v2_5,v2_5,train,434,TCGA,TCGA,1,1,8.4989e-05,0.999915
LUAD_core_source_top100,tabpfn_v2_5,v2_5,train,394,TCGA,TCGA,1,1,0.00016686515,0.9998331
LUAD_core_source_top100,tabpfn_v2_5,v2_5,train,511,TCGA,TCGA,1,1,0.0001152621,0.9998847
LUAD_core_source_top100,tabpfn_v2_5,v2_5,train,478,TCGA,TCGA,1,1,0.0001758028,0.9998242
LUAD_core_source_top100,tabpfn_v2_5,v2_5,train,106,CPTAC,CPTAC,0,0,0.94967806,0.05032195
LUAD_core_source_top100,tabpfn_v2_5,v2_5,train,293,TCGA,TCGA,1,1,0.00028053994,0.99971944
LUAD_core_source_top100,tabpfn_v2_5,v2_5,train,200,TCGA,TCGA,1,1,0.00010209234,0.99989796
LUAD_core_source_top100,tabpfn_v2_5,v2_5,train,617,TCGA,TCGA,1,1,0.00015375634,0.9998462
LUAD_core_source_top100,tabpfn_v2_5,v2_5,train,297,TCGA,TCGA,1,1,0.00015494807,0.999845
LUAD_core_source_top100,tabpfn_v2_5,v2_5,train,383,TCGA,TCGA,1,1,0.00010244988,0.9998975
LUAD_core_source_top100,tabpfn_v2_5,v2_5,train,292,TCGA,TCGA,1,1,9.404728e-05,0.99990594
LUAD_core_source_top100,tabpfn_v2_5,v2_5,train,357,TCGA,TCGA,1,1,0.0004461,0.9995539
LUAD_core_source_top100,tabpfn_v2_5,v2_5,train,115,TCGA,TCGA,1,1,6.1150626e-05,0.99993885
LUAD_core_source_top100,tabpfn_v2_5,v2_5,train,585,TCGA,TCGA,1,1,0.00023752768,0.9997625
LUAD_core_source_top100,tabpfn_v2_5,v2_5,train,182,TCGA,TCGA,1,1,0.0008646026,0.9991354
LUAD_core_source_top100,tabpfn_v2_5,v2_5,train,523,TCGA,TCGA,1,1,8.2128456e-05,0.99991786
LUAD_core_source_top100,tabpfn_v2_5,v2_5,train,458,TCGA,TCGA,1,1,0.00012372393,0.99987626
LUAD_core_source_top100,tabpfn_v2_5,v2_5,train,462,TCGA,TCGA,1,1,8.415468e-05,0.99991584
LUAD_core_source_top100,tabpfn_v2_5,v2_5,train,158,TCGA,TCGA,1,1,4.6370264e-05,0.9999536
LUAD_core_source_top100,tabpfn_v2_5,v2_5,train,80,CPTAC,CPTAC,0,0,0.94967806,0.05032195
LUAD_core_source_top100,tabpfn_v2_5,v2_5,train,538,TCGA,TCGA,1,1,0.00010185397,0.9998982
LUAD_core_source_top100,tabpfn_v2_5,v2_5,train,313,TCGA,TCGA,1,1,8.904141e-05,0.99991095
LUAD_core_source_top100,tabpfn_v2_5,v2_5,train,278,TCGA,TCGA,1,1,0.00016317089,0.9998368
LUAD_core_source_top100,tabpfn_v2_5,v2_5,train,22,CPTAC,CPTAC,0,0,0.94967806,0.05032195
LUAD_core_source_top100,tabpfn_v2_5,v2_5,train,152,TCGA,TCGA,1,1,0.00031977321,0.9996802
LUAD_core_source_top100,tabpfn_v2_5,v2_5,train,229,TCGA,TCGA,1,1,0.0001598341,0.99984014
LUAD_core_source_top100,tabpfn_v2_5,v2_5,train,242,TCGA,TCGA,1,1,0.00012068485,0.99987936
LUAD_core_source_top100,tabpfn_v2_5,v2_5,train,46,CPTAC,CPTAC,0,0,0.94967806,0.05032195
LUAD_core_source_top100,tabpfn_v2_5,v2_5,train,215,TCGA,TCGA,1,1,0.000105429506,0.9998946
LUAD_core_source_top100,tabpfn_v2_5,v2_5,train,546,TCGA,TCGA,1,1,0.00012068485,0.99987936
LUAD_core_source_top100,tabpfn_v2_5,v2_5,train,284,TCGA,TCGA,1,1,0.0014686529,0.99853134
LUAD_core_source_top100,tabpfn_v2_5,v2_5,train,381,TCGA,TCGA,1,1,0.0004136871,0.9995863
LUAD_core_source_top100,tabpfn_v2_5,v2_5,train,422,TCGA,TCGA,1,1,0.00012872946,0.99987125
LUAD_core_source_top100,tabpfn_v2_5,v2_5,train,167,TCGA,TCGA,1,1,0.00034480274,0.9996552
LUAD_core_source_top100,tabpfn_v2_5,v2_5,train,445,TCGA,TCGA,1,1,7.1818446e-05,0.99992824
LUAD_core_source_top100,tabpfn_v2_5,v2_5,train,255,TCGA,TCGA,1,1,0.00012658424,0.9998734
LUAD_core_source_top100,tabpfn_v2_5,v2_5,train,544,TCGA,TCGA,1,1,0.00018545525,0.99981457
LUAD_core_source_top100,tabpfn_v2_5,v2_5,train,304,TCGA,TCGA,1,1,9.559671e-05,0.9999044
LUAD_core_source_top100,tabpfn_v2_5,v2_5,train,40,CPTAC,CPTAC,0,0,0.94967806,0.05032195
LUAD_core_source_top100,tabpfn_v2_5,v2_5,train,534,TCGA,TCGA,1,1,0.0011642176,0.9988358
LUAD_core_source_top100,tabpfn_v2_5,v2_5,train,198,TCGA,TCGA,1,1,0.00010638298,0.99989367
LUAD_core_source_top100,tabpfn_v2_5,v2_5,train,596,TCGA,TCGA,1,1,0.00033097708,0.999669
LUAD_core_source_top100,tabpfn_v2_5,v2_5,train,579,TCGA,TCGA,1,1,0.00035314565,0.99964684
LUAD_core_source_top100,tabpfn_v2_5,v2_5,train,265,TCGA,TCGA,1,1,0.000105667874,0.9998944
LUAD_core_source_top100,tabpfn_v2_5,v2_5,train,349,TCGA,TCGA,1,1,8.433346e-05,0.9999156
LUAD_core_source_top100,tabpfn_v2_5,v2_5,train,270,TCGA,TCGA,1,1,6.365371e-05,0.99993634
LUAD_core_source_top100,tabpfn_v2_5,v2_5,train,50,CPTAC,CPTAC,0,0,0.94967806,0.05032195
LUAD_core_source_top100,tabpfn_v2_5,v2_5,train,367,TCGA,TCGA,1,1,0.0001603108,0.99983966
LUAD_core_source_top100,tabpfn_v2_5,v2_5,train,557,TCGA,TCGA,1,1,0.00024229377,0.9997577
LUAD_core_source_top100,tabpfn_v2_5,v2_5,train,69,CPTAC,CPTAC,0,0,0.94967806,0.05032195
LUAD_core_source_top100,tabpfn_v2_5,v2_5,train,94,CPTAC,CPTAC,0,0,0.94967806,0.05032195
LUAD_core_source_top100,tabpfn_v2_5,v2_5,train,332,TCGA,TCGA,1,1,9.4404844e-05,0.9999056
LUAD_core_source_top100,tabpfn_v2_5,v2_5,train,136,TCGA,TCGA,1,1,0.00015184957,0.9998481
LUAD_core_source_top100,tabpfn_v2_5,v2_5,train,248,TCGA,TCGA,1,1,8.80879e-05,0.9999119
LUAD_core_source_top100,tabpfn_v2_5,v2_5,train,34,CPTAC,CPTAC,0,0,0.94967806,0.05032195
LUAD_core_source_top100,tabpfn_v2_5,v2_5,train,341,TCGA,TCGA,1,1,0.00013969377,0.9998603
LUAD_core_source_top100,tabpfn_v2_5,v2_5,train,59,CPTAC,CPTAC,0,0,0.94967806,0.05032195
LUAD_core_source_top100,tabpfn_v2_5,v2_5,train,417,TCGA,TCGA,1,1,7.295077e-05,0.99992704
LUAD_core_source_top100,tabpfn_v2_5,v2_5,train,520,TCGA,TCGA,1,1,0.00010596583,0.999894
LUAD_core_source_top100,tabpfn_v2_5,v2_5,train,123,TCGA,TCGA,1,1,0.00023466801,0.99976534
LUAD_core_source_top100,tabpfn_v2_5,v2_5,train,512,TCGA,TCGA,1,1,0.00015923825,0.99984074
LUAD_core_source_top100,tabpfn_v2_5,v2_5,train,351,TCGA,TCGA,1,1,0.00017234692,0.9998276
LUAD_core_source_top100,tabpfn_v2_5,v2_5,train,317,TCGA,TCGA,1,1,0.00023919581,0.9997608
LUAD_core_source_top100,tabpfn_v2_5,v2_5,train,197,TCGA,TCGA,1,1,0.00024312783,0.9997569
LUAD_core_source_top100,tabpfn_v2_5,v2_5,train,361,TCGA,TCGA,1,1,9.464322e-05,0.99990535
LUAD_core_source_top100,tabpfn_v2_5,v2_5,train,427,TCGA,TCGA,1,1,0.00014970446,0.9998503
LUAD_core_source_top100,tabpfn_v2_5,v2_5,train,305,TCGA,TCGA,1,1,0.00016186,0.9998381
LUAD_core_source_top100,tabpfn_v2_5,v2_5,train,601,TCGA,TCGA,1,1,9.5537114e-05,0.9999044
LUAD_core_source_top100,tabpfn_v2_5,v2_5,train,88,CPTAC,CPTAC,0,0,0.94967806,0.05032195
LUAD_core_source_top100,tabpfn_v2_5,v2_5,train,206,TCGA,TCGA,1,1,5.0601786e-05,0.99994946
LUAD_core_source_top100,tabpfn_v2_5,v2_5,train,83,CPTAC,CPTAC,0,0,0.94967806,0.05032195
LUAD_core_source_top100,tabpfn_v2_5,v2_5,train,563,TCGA,TCGA,1,1,0.00016495844,0.999835
LUAD_core_source_top100,tabpfn_v2_5,v2_5,train,250,TCGA,TCGA,1,1,0.0017817694,0.99821824
LUAD_core_source_top100,tabpfn_v2_5,v2_5,train,149,TCGA,TCGA,1,1,5.733638e-05,0.99994266
LUAD_core_source_top100,tabpfn_v2_5,v2_5,train,589,TCGA,TCGA,1,1,0.00051735324,0.99948263
LUAD_core_source_top100,tabpfn_v2_5,v2_5,train,356,TCGA,TCGA,1,1,0.00017115525,0.9998288
LUAD_core_source_top100,tabpfn_v2_5,v2_5,train,385,TCGA,TCGA,1,1,0.00014374574,0.99985623
LUAD_core_source_top100,tabpfn_v2_5,v2_5,train,12,CPTAC,CPTAC,0,0,0.94967806,0.05032195
LUAD_core_source_top100,tabpfn_v2_5,v2_5,train,56,CPTAC,CPTAC,0,0,0.94967806,0.05032195
LUAD_core_source_top100,tabpfn_v2_5,v2_5,train,318,TCGA,TCGA,1,1,9.517957e-05,0.9999049
LUAD_core_source_top100,tabpfn_v2_5,v2_5,train,309,TCGA,TCGA,1,1,0.00022370578,0.9997763
LUAD_core_source_top100,tabpfn_v2_5,v2_5,train,322,TCGA,TCGA,1,1,7.8731544e-05,0.9999213
LUAD_core_source_top100,tabpfn_v2_5,v2_5,train,514,TCGA,TCGA,1,1,0.00016400508,0.99983597
LUAD_core_source_top100,tabpfn_v2_5,v2_5,train,592,TCGA,TCGA,1,1,0.0001472018,0.9998528
LUAD_core_source_top100,tabpfn_v2_5,v2_5,train,112,TCGA,TCGA,1,1,5.590603e-05,0.9999441
LUAD_core_source_top100,tabpfn_v2_5,v2_5,train,411,TCGA,TCGA,1,1,0.00012324721,0.99987674
LUAD_core_source_top100,tabpfn_v2_5,v2_5,train,529,TCGA,TCGA,1,1,0.00013468835,0.9998653
LUAD_core_source_top100,tabpfn_v2_5,v2_5,train,3,CPTAC,CPTAC,0,0,0.94967806,0.05032195
LUAD_core_source_top100,tabpfn_v2_5,v2_5,train,44,CPTAC,CPTAC,0,0,0.94967806,0.05032195
LUAD_core_source_top100,tabpfn_v2_5,v2_5,train,508,TCGA,TCGA,1,1,0.00013588012,0.9998641
LUAD_core_source_top100,tabpfn_v2_5,v2_5,train,372,TCGA,TCGA,1,1,0.0001693677,0.9998306
LUAD_core_source_top100,tabpfn_v2_5,v2_5,train,98,CPTAC,CPTAC,0,0,0.94967806,0.05032195
LUAD_core_source_top100,tabpfn_v2_5,v2_5,train,61,CPTAC,CPTAC,0,0,0.94967806,0.05032195
LUAD_core_source_top100,tabpfn_v2_5,v2_5,train,134,TCGA,TCGA,1,1,5.2926123e-05,0.9999471
LUAD_core_source_top100,tabpfn_v2_5,v2_5,train,16,CPTAC,CPTAC,0,0,0.94967806,0.05032195
LUAD_core_source_top100,tabpfn_v2_5,v2_5,train,533,TCGA,TCGA,1,1,0.00017675613,0.9998233
LUAD_core_source_top100,tabpfn_v2_5,v2_5,train,307,TCGA,TCGA,1,1,0.00016805685,0.9998319
LUAD_core_source_top100,tabpfn_v2_5,v2_5,train,223,TCGA,TCGA,1,1,0.00025469056,0.9997453
LUAD_core_source_top100,tabpfn_v2_5,v2_5,train,612,TCGA,TCGA,1,1,7.7897195e-05,0.99992204
LUAD_core_source_top100,tabpfn_v2_5,v2_5,train,32,CPTAC,CPTAC,0,0,0.94967806,0.05032195
LUAD_core_source_top100,tabpfn_v2_5,v2_5,train,365,TCGA,TCGA,1,1,0.0005092514,0.99949074
LUAD_core_source_top100,tabpfn_v2_5,v2_5,train,27,CPTAC,CPTAC,0,0,0.94967806,0.05032195
LUAD_core_source_top100,tabpfn_v2_5,v2_5,train,375,TCGA,TCGA,1,1,5.5846438e-05,0.9999442
LUAD_core_source_top100,tabpfn_v2_5,v2_5,train,483,TCGA,TCGA,1,1,0.00016054913,0.9998394
LUAD_core_source_top100,tabpfn_v2_5,v2_5,train,183,TCGA,TCGA,1,1,0.00034146555,0.9996585
LUAD_core_source_top100,tabpfn_v2_5,v2_5,train,618,TCGA,TCGA,1,1,0.00035243056,0.99964756
LUAD_core_source_top100,tabpfn_v2_5,v2_5,train,184,TCGA,TCGA,1,1,8.0817365e-05,0.9999192
LUAD_core_source_top100,tabpfn_v2_5,v2_5,train,344,TCGA,TCGA,1,1,0.0001262267,0.99987376
LUAD_core_source_top100,tabpfn_v2_5,v2_5,train,7,CPTAC,CPTAC,0,0,0.94967806,0.05032195
LUAD_core_source_top100,tabpfn_v2_5,v2_5,train,263,TCGA,TCGA,1,1,0.00014446079,0.9998555
LUAD_core_source_top100,tabpfn_v2_5,v2_5,train,285,TCGA,TCGA,1,1,9.988741e-05,0.9999001
LUAD_core_source_top100,tabpfn_v2_5,v2_5,train,121,TCGA,TCGA,1,1,3.1887466e-05,0.99996805
LUAD_core_source_top100,tabpfn_v2_5,v2_5,train,219,TCGA,TCGA,1,1,0.00010924339,0.9998908
LUAD_core_source_top100,tabpfn_v2_5,v2_5,train,36,CPTAC,CPTAC,0,0,0.94967806,0.05032195
LUAD_core_source_top100,tabpfn_v2_5,v2_5,train,13,CPTAC,CPTAC,0,0,0.94967806,0.05032195
LUAD_core_source_top100,tabpfn_v2_5,v2_5,train,504,TCGA,TCGA,1,1,0.00014839355,0.9998516
LUAD_core_source_top100,tabpfn_v2_5,v2_5,train,126,TCGA,TCGA,1,1,9.726532e-05,0.9999027
LUAD_core_source_top100,tabpfn_v2_5,v2_5,train,207,TCGA,TCGA,1,1,4.0529514e-05,0.99995947
LUAD_core_source_top100,tabpfn_v2_5,v2_5,train,333,TCGA,TCGA,1,1,0.00023776598,0.99976224
LUAD_core_source_top100,tabpfn_v2_5,v2_5,train,452,TCGA,TCGA,1,1,0.00012491574,0.99987507
LUAD_core_source_top100,tabpfn_v2_5,v2_5,train,532,TCGA,TCGA,1,1,6.9196205e-05,0.99993086
LUAD_core_source_top100,tabpfn_v2_5,v2_5,train,566,TCGA,TCGA,1,1,6.341532e-05,0.9999366
LUAD_core_source_top100,tabpfn_v2_5,v2_5,train,9,CPTAC,CPTAC,0,0,0.94967806,0.05032195
LUAD_core_source_top100,tabpfn_v2_5,v2_5,train,330,TCGA,TCGA,1,1,0.00025814067,0.99974185
LUAD_core_source_top100,tabpfn_v2_5,v2_5,train,11,CPTAC,CPTAC,0,0,0.94967806,0.05032195
LUAD_core_source_top100,tabpfn_v2_5,v2_5,train,251,TCGA,TCGA,1,1,0.00010012578,0.99989986
LUAD_core_source_top100,tabpfn_v2_5,v2_5,train,474,TCGA,TCGA,1,1,0.00019498837,0.99980503
LUAD_core_source_top100,tabpfn_v2_5,v2_5,train,299,TCGA,TCGA,1,1,0.00016984438,0.9998301
LUAD_core_source_top100,tabpfn_v2_5,v2_5,train,526,TCGA,TCGA,1,1,0.00022346748,0.99977654
LUAD_core_source_top100,tabpfn_v2_5,v2_5,train,347,TCGA,TCGA,1,1,0.0002674341,0.99973255
LUAD_core_source_top100,tabpfn_v2_5,v2_5,train,547,TCGA,TCGA,1,1,6.901741e-05,0.999931
LUAD_core_source_top100,tabpfn_v2_5,v2_5,train,38,CPTAC,CPTAC,0,0,0.94967806,0.05032195
LUAD_core_source_top100,tabpfn_v2_5,v2_5,train,165,TCGA,TCGA,1,1,4.7383444e-05,0.99995255
LUAD_core_source_top100,tabpfn_v2_5,v2_5,train,413,TCGA,TCGA,1,1,6.0077873e-05,0.9999399
LUAD_core_source_top100,tabpfn_v2_5,v2_5,train,446,TCGA,TCGA,1,1,0.00010030455,0.9998996
LUAD_core_source_top100,tabpfn_v2_5,v2_5,train,103,CPTAC,CPTAC,0,0,0.94967806,0.05032195
LUAD_core_source_top100,tabpfn_v2_5,v2_5,train,153,TCGA,TCGA,1,1,6.234257e-05,0.99993765
LUAD_core_source_top100,tabpfn_v2_5,v2_5,train,254,TCGA,TCGA,1,1,8.141332e-05,0.9999186
LUAD_core_source_top100,tabpfn_v2_5,v2_5,train,91,CPTAC,CPTAC,0,0,0.94967806,0.05032195
LUAD_core_source_top100,tabpfn_v2_5,v2_5,train,443,TCGA,TCGA,1,1,7.116288e-05,0.99992883
LUAD_core_source_top100,tabpfn_v2_5,v2_5,train,328,TCGA,TCGA,1,1,0.00013742942,0.99986255
LUAD_core_source_top100,tabpfn_v2_5,v2_5,train,57,CPTAC,CPTAC,0,0,0.94967806,0.05032195
LUAD_core_source_top100,tabpfn_v2_5,v2_5,train,214,TCGA,TCGA,1,1,9.470282e-05,0.99990535
LUAD_core_source_top100,tabpfn_v2_5,v2_5,train,24,CPTAC,CPTAC,0,0,0.94967806,0.05032195
LUAD_core_source_top100,tabpfn_v2_5,v2_5,train,68,CPTAC,CPTAC,0,0,0.94967806,0.05032195
LUAD_core_source_top100,tabpfn_v2_5,v2_5,train,491,TCGA,TCGA,1,1,8.7968714e-05,0.999912
LUAD_core_source_top100,tabpfn_v2_5,v2_5,train,416,TCGA,TCGA,1,1,7.07457e-05,0.9999292
LUAD_core_source_top100,tabpfn_v2_5,v2_5,train,484,TCGA,TCGA,1,1,7.146086e-05,0.9999285
LUAD_core_source_top100,tabpfn_v2_5,v2_5,train,130,TCGA,TCGA,1,1,0.00019975485,0.99980026
LUAD_core_source_top100,tabpfn_v2_5,v2_5,train,321,TCGA,TCGA,1,1,8.7134395e-05,0.99991286
LUAD_core_source_top100,tabpfn_v2_5,v2_5,train,466,TCGA,TCGA,1,1,0.00010846869,0.9998915
LUAD_core_source_top100,tabpfn_v2_5,v2_5,train,542,TCGA,TCGA,1,1,0.00028258417,0.9997174
LUAD_core_source_top100,tabpfn_v2_5,v2_5,train,178,TCGA,TCGA,1,1,0.00015327965,0.9998467
LUAD_core_source_top100,tabpfn_v2_5,v2_5,train,588,TCGA,TCGA,1,1,0.00010924339,0.9998908
LUAD_core_source_top100,tabpfn_v2_5,v2_5,train,342,TCGA,TCGA,1,1,0.000107932356,0.999892
LUAD_core_source_top100,tabpfn_v2_5,v2_5,train,420,TCGA,TCGA,1,1,7.771842e-05,0.9999223
LUAD_core_source_top100,tabpfn_v2_5,v2_5,train,426,TCGA,TCGA,1,1,0.00019796743,0.99980205
LUAD_core_source_top100,tabpfn_v2_5,v2_5,train,448,TCGA,TCGA,1,1,0.00033669808,0.9996633
LUAD_core_source_top100,tabpfn_v2_5,v2_5,train,84,CPTAC,CPTAC,0,0,0.94967806,0.05032195
LUAD_core_source_top100,tabpfn_v2_5,v2_5,train,132,TCGA,TCGA,1,1,7.712246e-05,0.9999229
LUAD_core_source_top100,tabpfn_v2_5,v2_5,train,580,TCGA,TCGA,1,1,0.00020499795,0.999795
LUAD_core_source_top100,tabpfn_v2_5,v2_5,train,277,TCGA,TCGA,1,1,0.00013564176,0.99986434
LUAD_core_source_top100,tabpfn_v2_5,v2_5,train,536,TCGA,TCGA,1,1,0.000115440875,0.9998846
LUAD_core_source_top100,tabpfn_v2_5,v2_5,train,428,TCGA,TCGA,1,1,0.00013874036,0.99986124
LUAD_core_source_top100,tabpfn_v2_5,v2_5,train,4,CPTAC,CPTAC,0,0,0.94967806,0.05032195
LUAD_core_source_top100,tabpfn_v2_5,v2_5,train,239,TCGA,TCGA,1,1,0.00017365777,0.9998264
LUAD_core_source_top100,tabpfn_v2_5,v2_5,train,96,CPTAC,CPTAC,0,0,0.94967806,0.05032195
LUAD_core_source_top100,tabpfn_v2_5,v2_5,train,146,TCGA,TCGA,1,1,0.00020773863,0.9997923
LUAD_core_source_top100,tabpfn_v2_5,v2_5,train,141,TCGA,TCGA,1,1,0.00021286248,0.99978715
LUAD_core_source_top100,tabpfn_v2_5,v2_5,train,110,TCGA,TCGA,1,1,0.00014338821,0.9998566
LUAD_core_source_top100,tabpfn_v2_5,v2_5,train,188,TCGA,TCGA,1,1,0.000106800115,0.9998932
LUAD_core_source_top100,tabpfn_v2_5,v2_5,train,567,TCGA,TCGA,1,1,9.744409e-05,0.9999025
LUAD_core_source_top100,tabpfn_v2_5,v2_5,train,509,TCGA,TCGA,1,1,0.0002695787,0.9997304
LUAD_core_source_top100,tabpfn_v2_5,v2_5,train,301,TCGA,TCGA,1,1,0.00010131763,0.9998987
LUAD_core_source_top100,tabpfn_v2_5,v2_5,train,179,TCGA,TCGA,1,1,0.00010137723,0.9998987
LUAD_core_source_top100,tabpfn_v2_5,v2_5,train,598,TCGA,TCGA,1,1,0.00018760022,0.9998124
LUAD_core_source_top100,tabpfn_v2_5,v2_5,train,515,TCGA,TCGA,1,1,0.00010924339,0.9998908
LUAD_core_source_top100,tabpfn_v2_5,v2_5,train,173,TCGA,TCGA,1,1,9.9649034e-05,0.99990034
LUAD_core_source_top100,tabpfn_v2_5,v2_5,train,376,TCGA,TCGA,1,1,6.413049e-05,0.99993587
LUAD_core_source_top100,tabpfn_v2_5,v2_5,train,282,TCGA,TCGA,1,1,0.00014434161,0.99985564
LUAD_core_source_top100,tabpfn_v2_5,v2_5,train,444,TCGA,TCGA,1,1,7.9685065e-05,0.99992037
LUAD_core_source_top100,tabpfn_v2_5,v2_5,train,97,CPTAC,CPTAC,0,0,0.94967806,0.05032195
LUAD_core_source_top100,tabpfn_v2_5,v2_5,train,295,TCGA,TCGA,1,1,8.171129e-05,0.9999182
LUAD_core_source_top100,tabpfn_v2_5,v2_5,train,228,TCGA,TCGA,1,1,0.00020475962,0.99979526
LUAD_core_source_top100,tabpfn_v2_5,v2_5,train,196,TCGA,TCGA,1,1,0.00021607974,0.99978393
LUAD_core_source_top100,tabpfn_v2_5,v2_5,train,431,TCGA,TCGA,1,1,0.00024002988,0.99976
LUAD_core_source_top100,tabpfn_v2_5,v2_5,train,463,TCGA,TCGA,1,1,0.00015828488,0.9998417
LUAD_core_source_top100,tabpfn_v2_5,v2_5,train,410,TCGA,TCGA,1,1,0.00016638848,0.9998336
LUAD_core_source_top100,tabpfn_v2_5,v2_5,train,530,TCGA,TCGA,1,1,0.0001038801,0.99989605
LUAD_core_source_top100,tabpfn_v2_5,v2_5,train,268,TCGA,TCGA,1,1,6.895782e-05,0.9999311
LUAD_core_source_top100,tabpfn_v2_5,v2_5,train,143,TCGA,TCGA,1,1,8.7491964e-05,0.9999125
LUAD_core_source_top100,tabpfn_v2_5,v2_5,train,246,TCGA,TCGA,1,1,0.00013468835,0.9998653
LUAD_core_source_top100,tabpfn_v2_5,v2_5,train,6,CPTAC,CPTAC,0,0,0.94967806,0.05032195
LUAD_core_source_top100,tabpfn_v2_5,v2_5,train,70,CPTAC,CPTAC,0,0,0.94967806,0.05032195
LUAD_core_source_top100,tabpfn_v2_5,v2_5,train,543,TCGA,TCGA,1,1,0.00019880157,0.9998012
LUAD_core_source_top100,tabpfn_v2_5,v2_5,train,162,TCGA,TCGA,1,1,0.0003085691,0.9996914
LUAD_core_source_top100,tabpfn_v2_5,v2_5,train,610,TCGA,TCGA,1,1,0.00015244544,0.99984753
LUAD_core_source_top100,tabpfn_v2_5,v2_5,train,414,TCGA,TCGA,1,1,0.00018688523,0.99981314
LUAD_core_source_top100,tabpfn_v2_5,v2_5,train,129,TCGA,TCGA,1,1,4.404589e-05,0.9999559
LUAD_core_source_top100,tabpfn_v2_5,v2_5,train,294,TCGA,TCGA,1,1,0.00016543512,0.99983454
LUAD_core_source_top100,tabpfn_v2_5,v2_5,train,343,TCGA,TCGA,1,1,0.00011740736,0.9998826
LUAD_core_source_top100,tabpfn_v2_5,v2_5,train,72,CPTAC,CPTAC,0,0,0.94967806,0.05032195
LUAD_core_source_top100,tabpfn_v2_5,v2_5,train,459,TCGA,TCGA,1,1,0.00010894542,0.99989104
LUAD_core_source_top100,tabpfn_v2_5,v2_5,train,486,TCGA,TCGA,1,1,0.0001476785,0.9998523
LUAD_core_source_top100,tabpfn_v2_5,v2_5,train,29,CPTAC,CPTAC,0,0,0.94967806,0.05032195
LUAD_core_source_top100,tabpfn_v2_5,v2_5,train,79,CPTAC,CPTAC,0,0,0.94967806,0.05032195
LUAD_core_source_top100,tabpfn_v2_5,v2_5,train,300,TCGA,TCGA,1,1,0.00048494502,0.99951506
LUAD_core_source_top100,tabpfn_v2_5,v2_5,train,238,TCGA,TCGA,1,1,0.00016686515,0.9998331
LUAD_core_source_top100,tabpfn_v2_5,v2_5,train,374,TCGA,TCGA,1,1,5.6800003e-05,0.99994326
LUAD_core_source_top100,tabpfn_v2_5,v2_5,train,298,TCGA,TCGA,1,1,0.00015363717,0.99984634
LUAD_core_source_top100,tabpfn_v2_5,v2_5,train,399,TCGA,TCGA,1,1,0.00027853134,0.99972147
LUAD_core_source_top100,tabpfn_v2_5,v2_5,train,473,TCGA,TCGA,1,1,0.00023371477,0.9997663
LUAD_core_source_top100,tabpfn_v2_5,v2_5,train,202,TCGA,TCGA,1,1,3.582111e-05,0.99996424
LUAD_core_source_top100,tabpfn_v2_5,v2_5,train,273,TCGA,TCGA,1,1,0.00013290069,0.9998671
LUAD_core_source_top100,tabpfn_v2_5,v2_5,train,495,TCGA,TCGA,1,1,7.587096e-05,0.9999242
LUAD_core_source_top100,tabpfn_v2_5,v2_5,train,306,TCGA,TCGA,1,1,0.00024992225,0.9997501
LUAD_core_source_top100,tabpfn_v2_5,v2_5,train,518,TCGA,TCGA,1,1,0.00067063834,0.9993294
LUAD_core_source_top100,tabpfn_v2_5,v2_5,train,289,TCGA,TCGA,1,1,0.00010405888,0.99989593
LUAD_core_source_top100,tabpfn_v2_5,v2_5,train,28,CPTAC,CPTAC,0,0,0.94967806,0.05032195
LUAD_core_source_top100,tabpfn_v2_5,v2_5,train,368,TCGA,TCGA,1,1,0.0001942734,0.99980575
LUAD_core_source_top100,tabpfn_v2_5,v2_5,train,276,TCGA,TCGA,1,1,0.0016989266,0.9983011
LUAD_core_source_top100,tabpfn_v2_5,v2_5,train,90,CPTAC,CPTAC,0,0,0.94967806,0.05032195
LUAD_core_source_top100,tabpfn_v2_5,v2_5,train,85,CPTAC,CPTAC,0,0,0.94967806,0.05032195
LUAD_core_source_top100,tabpfn_v2_5,v2_5,train,479,TCGA,TCGA,1,1,0.00025456623,0.9997454
LUAD_core_source_top100,tabpfn_v2_5,v2_5,train,334,TCGA,TCGA,1,1,0.00010894542,0.99989104
LUAD_core_source_top100,tabpfn_v2_5,v2_5,train,8,CPTAC,CPTAC,0,0,0.94967806,0.05032195
LUAD_core_source_top100,tabpfn_v2_5,v2_5,train,0,CPTAC,CPTAC,0,0,0.94967806,0.05032195
LUAD_core_source_top100,tabpfn_v2_5,v2_5,train,576,TCGA,TCGA,1,1,0.00015053866,0.99984944
LUAD_core_source_top100,tabpfn_v2_5,v2_5,train,33,CPTAC,CPTAC,0,0,0.94967806,0.05032195
LUAD_core_source_top100,tabpfn_v2_5,v2_5,train,237,TCGA,TCGA,1,1,8.367792e-05,0.9999163
LUAD_core_source_top100,tabpfn_v2_5,v2_5,train,353,TCGA,TCGA,1,1,0.00030246167,0.99969757
LUAD_core_source_top100,tabpfn_v2_5,v2_5,train,594,TCGA,TCGA,1,1,0.00017735196,0.9998227
LUAD_core_source_top100,tabpfn_v2_5,v2_5,train,203,TCGA,TCGA,1,1,0.00028878252,0.9997112
LUAD_core_source_top100,tabpfn_v2_5,v2_5,train,62,CPTAC,CPTAC,0,0,0.94967806,0.05032195
LUAD_core_source_top100,tabpfn_v2_5,v2_5,train,480,TCGA,TCGA,1,1,0.00015375634,0.9998462
LUAD_core_source_top100,tabpfn_v2_5,v2_5,train,329,TCGA,TCGA,1,1,7.92083e-05,0.99992085
LUAD_core_source_top100,tabpfn_v2_5,v2_5,train,148,TCGA,TCGA,1,1,9.643102e-05,0.99990356
LUAD_core_source_top100,tabpfn_v2_5,v2_5,train,209,TCGA,TCGA,1,1,0.00013385412,0.9998661
LUAD_core_source_top100,tabpfn_v2_5,v2_5,train,19,CPTAC,CPTAC,0,0,0.94967806,0.05032195
LUAD_core_source_top100,tabpfn_v2_5,v2_5,train,169,TCGA,TCGA,1,1,0.00017747113,0.99982256
LUAD_core_source_top100,tabpfn_v2_5,v2_5,train,395,TCGA,TCGA,1,1,9.225948e-05,0.99990773
LUAD_core_source_top100,tabpfn_v2_5,v2_5,train,359,TCGA,TCGA,1,1,0.0001395746,0.9998604
LUAD_core_source_top100,tabpfn_v2_5,v2_5,train,77,CPTAC,CPTAC,0,0,0.94967806,0.05032195
LUAD_core_source_top100,tabpfn_v2_5,v2_5,train,562,TCGA,TCGA,1,1,0.00017699446,0.99982303
LUAD_core_source_top100,tabpfn_v2_5,v2_5,train,552,TCGA,TCGA,1,1,0.00013445,0.99986553
LUAD_core_source_top100,tabpfn_v2_5,v2_5,train,283,TCGA,TCGA,1,1,0.00014481832,0.99985516
LUAD_core_source_top100,tabpfn_v2_5,v2_5,train,159,TCGA,CPTAC,1,0,0.94967806,0.05032195
LUAD_core_source_top100,tabpfn_v2_5,v2_5,train,519,TCGA,TCGA,1,1,0.0005259316,0.99947405
LUAD_core_source_top100,tabpfn_v2_5,v2_5,train,37,CPTAC,CPTAC,0,0,0.94967806,0.05032195
LUAD_core_source_top100,tabpfn_v2_5,v2_5,train,441,TCGA,TCGA,1,1,0.00011001807,0.99988997
LUAD_core_source_top100,tabpfn_v2_5,v2_5,train,190,TCGA,TCGA,1,1,0.0001239623,0.999876
LUAD_core_source_top100,tabpfn_v2_5,v2_5,train,218,TCGA,TCGA,1,1,0.00013790613,0.9998621
LUAD_core_source_top100,tabpfn_v2_5,v2_5,train,319,TCGA,TCGA,1,1,0.00013409246,0.9998659
LUAD_core_source_top100,tabpfn_v2_5,v2_5,train,221,TCGA,TCGA,1,1,6.57992e-05,0.9999342
LUAD_core_source_top100,tabpfn_v2_5,v2_5,train,133,TCGA,TCGA,1,1,0.00014851271,0.99985147
LUAD_core_source_top100,tabpfn_v2_5,v2_5,train,170,TCGA,TCGA,1,1,0.00013468835,0.9998653
LUAD_core_source_top100,tabpfn_v2_5,v2_5,train,15,CPTAC,CPTAC,0,0,0.94967806,0.05032195
LUAD_core_source_top100,tabpfn_v2_5,v2_5,train,561,TCGA,TCGA,1,1,7.7778015e-05,0.9999223
LUAD_core_source_top100,tabpfn_v2_5,v2_5,train,235,TCGA,TCGA,1,1,0.00030046387,0.99969953
LUAD_core_source_top100,tabpfn_v2_5,v2_5,train,187,TCGA,TCGA,1,1,0.00012503492,0.99987495
LUAD_core_source_top100,tabpfn_v2_5,v2_5,train,25,CPTAC,CPTAC,0,0,0.94967806,0.05032195
LUAD_core_source_top100,tabpfn_v2_5,v2_5,train,549,TCGA,TCGA,1,1,0.00014231564,0.99985766
LUAD_core_source_top100,tabpfn_v2_5,v2_5,train,226,TCGA,TCGA,1,1,0.00034415795,0.99965584
LUAD_core_source_top100,tabpfn_v2_5,v2_5,train,591,TCGA,TCGA,1,1,0.00012062525,0.99987936
LUAD_core_source_top100,tabpfn_v2_5,v2_5,train,581,TCGA,TCGA,1,1,0.0001435074,0.9998565
LUAD_core_source_top100,tabpfn_v2_5,v2_5,train,147,TCGA,TCGA,1,1,0.00026804153,0.99973196
LUAD_core_source_top100,tabpfn_v2_5,v2_5,train,75,CPTAC,CPTAC,0,0,0.94967806,0.05032195
LUAD_core_source_top100,tabpfn_v2_5,v2_5,train,326,TCGA,TCGA,1,1,0.00013659519,0.9998634
LUAD_core_source_top100,tabpfn_v2_5,v2_5,train,424,TCGA,TCGA,1,1,0.00015578227,0.9998442
LUAD_core_source_top100,tabpfn_v2_5,v2_5,train,286,TCGA,TCGA,1,1,0.00029378885,0.9997062
LUAD_core_source_top100,tabpfn_v2_5,v2_5,train,275,TCGA,TCGA,1,1,0.00024551083,0.9997545
LUAD_core_source_top100,tabpfn_v2_5,v2_5,train,498,TCGA,TCGA,1,1,0.00010966052,0.9998903
LUAD_core_source_top100,tabpfn_v2_5,v2_5,train,117,TCGA,TCGA,1,1,0.00033129205,0.9996687
LUAD_core_source_top100,tabpfn_v2_5,v2_5,train,582,TCGA,TCGA,1,1,0.00011401069,0.99988604
LUAD_core_source_top100,tabpfn_v2_5,v2_5,train,125,TCGA,TCGA,1,1,7.986384e-05,0.9999201
LUAD_core_source_top100,tabpfn_v2_5,v2_5,train,160,TCGA,TCGA,1,1,5.4833265e-05,0.99994516
LUAD_core_source_top100,tabpfn_v2_5,v2_5,train,521,TCGA,TCGA,1,1,0.00024014903,0.99975985
LUAD_core_source_top100,tabpfn_v2_5,v2_5,train,291,TCGA,TCGA,1,1,0.00015804653,0.9998419
LUAD_core_source_top100,tabpfn_v2_5,v2_5,train,355,TCGA,TCGA,1,1,0.00020273389,0.9997973
LUAD_core_source_top100,tabpfn_v2_5,v2_5,train,247,TCGA,TCGA,1,1,0.00024932367,0.9997507
LUAD_core_source_top100,tabpfn_v2_5,v2_5,train,213,TCGA,TCGA,1,1,0.00014255398,0.9998574
LUAD_core_source_top100,tabpfn_v2_5,v2_5,train,73,CPTAC,CPTAC,0,0,0.94967806,0.05032195
LUAD_core_source_top100,tabpfn_v2_5,v2_5,train,220,TCGA,TCGA,1,1,0.0001395746,0.9998604
LUAD_core_source_top100,tabpfn_v2_5,v2_5,train,266,TCGA,TCGA,1,1,0.00015268379,0.9998473
LUAD_core_source_top100,tabpfn_v2_5,v2_5,train,272,TCGA,TCGA,1,1,7.706287e-05,0.999923
LUAD_core_source_top100,tabpfn_v2_5,v2_5,train,258,TCGA,TCGA,1,1,0.00019975485,0.99980026
LUAD_core_source_top100,tabpfn_v2_5,v2_5,train,261,TCGA,TCGA,1,1,8.379711e-05,0.9999162
