evidence_id	source_id	citation_key	report_section	report_location	current_sentence	finding	source_locator	supporting_passage	verification_status	claim_verdict	proposed_use	limitations
E001	L01	shaktah2026established	Introduction;Discussion	paper/reusability_report.tex:53	Later releases extended the supported data size,\citep{priorlabs2025tabpfn25,priorlabs2026tabpfn3} and Google's TabFM applies the same in-context principle with a different architecture and synthetic prior.\citep{google2026tabfm,tabfmsoftware2026} An independent clinical comparison has since found established methods competitive with TabPFN across twelve prediction tasks.\citep{shaktah2026established}	Independent clinical evaluation finds inconsistent superiority	paper/literature/txt/L01.txt:239	L239: PFN had a median runtime 5.53-fold higher than the                          TabPFN may reflect differences between the data regimes	supported_text	Pending sentence-level adjudication; source finding is not certification of current wording	Retain; limit clinical-reusability verdict to actual inputs/endpoints	Different predictors/endpoints,budgets,GPU versusCPU. Exhaustive figure/supplement audit remains pending.
E002	L01	shaktah2026established	Discussion	paper/reusability_report.tex:162	Our verdict is that TabPFN is reusable for single-cohort clinical tables.	All twelve rounded task AUROCs, inspected PDF	paper/literature/pdfs/L01.pdf:p4,Fig2a; personally inspected labels	"L150: settings while minimizing confounding effects from data-                        differences (Fig. 2). When comparing AUROC values for
L153: Comparative discrimination performance across clinical                          across tasks (Fig. 2a). For each given task, the best-per-"	supported_visual_PDF_p4	Pending sentence-level adjudication; source finding is not certification of current wording	Use selected clinical examples contextually,not cross-paper ranking	Literature values secondary;rounding hides differences;do not estimate CI endpoints. Exhaustive figure/supplement audit remains pending.
E003	L02	herrmann2021benchmark	Introduction;Discussion	Proposed insertion: Introduction;Discussion	No exact anchor; proposed section-level addition	Clinical baseline can match molecular integration	paper/literature/txt/L02.txt:224,226,230,250,252	"L224: As a consequence of the repeated 5-fold CV, \documentclass[12pt]{minimal} \usepackage{amsmath} \usepackage{wasysym} \usepackage{amsfonts} \usepackage{amssymb} \usepackage{amsbsy} \usepackage{upgreek} \usepackage{mathrsfs} \setlength{\oddsidemargin}{-69pt} \begin{document} }{}$11 \cdot 10 \cdot 5 + 7 \cdot 5 \cdot 5 = 725$\end{document} models are fit for each learner in total. Some of these model fittings—i.e. some CV iterations—were not successful. This is common in benchmark experiments of larger scale [ 53 ]. Such a failure does not affect the other 4 CV iterations and the remaining nine repetitions of CV but leads to missing values for the assessment measures for the failing iterations, which have to be handled when computing averaged measures. To cope with such modeling failures, we follow strategies described previously [ 53 , 54 ]. If a learner fails in more than 20% of the CV iterations for a given dataset, we assign (for the failing iterations) values of the performance measures corresponding to random prediction (0.25 for ibrier and 0.5 for cindex) and the mean of the other iterations for the computation time and the number of selected features. If a learner fails in less than 20%, the performance means of the successful iterations are assigned for all measures. See Table 4 for the learners’ failure rates averaged over the datasets.
L226: Modeling failures are mainly learner related, that is, there are no datasets for which many or all learners are unstable, but individual learners are particularly unstable. For every dataset, there are at least seven learners yielding no failures. In contrast, learners Lasso, CoxBoost and glmboost are rather unstable, with 31.2%, 28.6% and 19.7% failures in total. IPF-Lasso is more stable overall, but also considerably unstable for specific datasets. The other learners are very stable, with not a single failure for the random forest variants, the reference methods and CoxBoost favoring. Dataset specific failure rates can be taken from the tables in the supplement, which show the learner performances like in Table 4 broken down by dataset."	supported_text	Proposed addition, not an existing citation verdict	Support clinical-only comparator rationale,not absence of molecular biology	SourceDiscussionIBS.172 conflicts Table4.174;retainTable4/flag;not ROC. Exhaustive figure/supplement audit remains pending.
E004	L02	herrmann2021benchmark	Discussion;Methods	paper/reusability_report.tex:43	Pooling the cancers raised ROC AUC to 0.721 for 3-year survival ($n = 1{,}645$) and 0.786 for extreme survival ($n = 937$), but tree ensembles matched these scores and controls using only cancer type or the pattern of zero-valued features reached similar levels.	Compute and prioritisation differ by model	paper/literature/txt/L02.txt:7,11,179,202,233	"L7: Abstract Multi-omics data, that is, datasets containing different types of high-dimensional molecular variables, are increasingly often generated for the investigation of various diseases. Nevertheless, questions remain regarding the usefulness of multi-omics data for the prediction of disease outcomes such as survival time. It is also unclear which methods are most appropriate to derive such prediction models. We aim to give some answers to these questions through a large-scale benchmark study using real data. Different prediction methods from machine learning and statistics were applied on 18 multi-omics cancer datasets (35 to 1000 observations, up to 100 000 variables) from the database ‘The Cancer Genome Atlas’ (TCGA). The considered outcome was the (censored) survival time. Eleven methods based on boosting, penalized regression and random forest were compared, comprising both methods that do and that do not take the group structure of the omics variables into account. The Kaplan–Meier estimate and a Cox model using only clinical variables were used as reference methods. The methods were compared using several repetitions of 5-fold cross-validation. Uno’s C-index and the integrated Brier score served as performance metrics. The results indicate that methods taking into account the multi-omics structure have a slightly better prediction performance. Taking this structure into account can protect the predictive information in low-dimensional groups—especially clinical variables—from not being exploited during prediction. Moreover, only the block forest method outperformed the Cox model on average, and only slightly. This indicates, as a by-product of our study, that in the considered TCGA studies the utility of multi-omics data for prediction purposes was limited. Contact: moritz.herrmann@stat.uni-muenchen.de , +49 89 2180 3198 Supplementary information: Supplementary data are available at Briefings in Bioinformatics online. All analyses are reproducible using R code freely available on Github .
L11: Multi-omics data, that is, datasets containing different types of high-dimensional molecular variables, are increasingly often generated for the investigation of various diseases. Nevertheless, questions remain regarding the usefulness of multi-omics data for the prediction of disease outcomes such as survival time. It is also unclear which methods are most appropriate to derive such prediction models. We aim to give some answers to these questions through a large-scale benchmark study using real data. Different prediction methods from machine learning and statistics were applied on 18 multi-omics cancer datasets (35 to 1000 observations, up to 100 000 variables) from the database ‘The Cancer Genome Atlas’ (TCGA). The considered outcome was the (censored) survival time. Eleven methods based on boosting, penalized regression and random forest were compared, comprising both methods that do and that do not take the group structure of the omics variables into account. The Kaplan–Meier estimate and a Cox model using only clinical variables were used as reference methods. The methods were compared using several repetitions of 5-fold cross-validation. Uno’s C-index and the integrated Brier score served as performance metrics. The results indicate that methods taking into account the multi-omics structure have a slightly better prediction performance. Taking this structure into account can protect the predictive information in low-dimensional groups—especially clinical variables—from not being exploited during prediction. Moreover, only the block forest method outperformed the Cox model on average, and only slightly. This indicates, as a by-product of our study, that in the considered TCGA studies the utility of multi-omics data for prediction purposes was limited. Contact: moritz.herrmann@stat.uni-muenchen.de , +49 89 2180 3198 Supplementary information: Supplementary data are available at Briefings in Bioinformatics online. All analyses are reproducible using R code freely available on Github ."	supported_text	Pending sentence-level adjudication; source finding is not certification of current wording	Discuss budget and clinical-input asymmetry	SGL time table/prose units ambiguous;not oursCPU fit timing. Exhaustive figure/supplement audit remains pending.
E005	L03	li2024combining	Introduction;Discussion	paper/reusability_report.tex:109	\subsection*{Pooling lifts every capable model}	More modalities need not help censored survival prediction	paper/literature/txt/L03.txt:33,101,284,289,343	"L33:   Methods In this study, we systematically evaluated the predictive performance of all 31 possible combinations
L101: of the stage of lung adenocarcinoma.                                    31 combinations that contain at least one of five blocks"	supported_text	Pending sentence-level adjudication; source finding is not certification of current wording	Explain input heterogeneity separately from pooling cancers	Not evidence for the causal mechanism of our pooled ICL result. Exhaustive figure/supplement audit remains pending.
E006	L03	li2024combining	Methods	Proposed insertion: Methods	No exact anchor; proposed section-level addition	Selection performed inside training folds	paper/literature/txt/L03.txt:153,156,199,659	"L153: of blocks that are most effective in survival prediction for                      with more than 2,500 variables, we used the RF-VI fea-
L156: Datasets                                                                          Here, we selected the 2,500 features with the largest"	supported_text	Proposed addition, not an existing citation verdict	Contrast train-only choices,not same preprocessing	Our100variance features differ from supervised RFimportance. Exhaustive figure/supplement audit remains pending.
E007	L04	NA	Discussion	paper/reusability_report.tex:43	Within single cancers, survival prediction was difficult for every model and no two nonlinear models differed significantly.	Adding modalities can harm multiomics performance	paper/literature/txt/L04.txt:101,111,115,121,168	"L101: Mean Antolini’s C and IBS across test splits and datasets when integrating clinical data and gene expression compared to integrating all of the available modalities (described in Table S1 ). Standard errors are in parentheses. ∗ indicates values that were not significantly worse than the best model per column.
L111: [FIGURE Figure 1; IMAGE REVIEW REQUIRED] The performance of all considered methods varied widely across datasets (A and B) Statistical methods outperformed deep learning methods in terms of calibration (measured by the Integrated Brier score [IBS]) for multi-omics survival analysis when trained on clinical data and gene expression. Rank of all models on each dataset when integrating clinical data and gene expression in terms of mean Antolini’s C and mean IBS across splits. Lower ranks indicate better performance. (A) Antolini’s concordance (Antolini’s C). (B) IBS. For full cancer-type abbreviations, please refer to Table S3 . (C and D) Using fewer but more predictive modalities generally led to improved performance for most models. Model performance in terms of mean Antolini’s C and mean IBS across splits as a function of the number of modalities used for training: models fitted on clinical data and gene expression compared to all modalities. The dark color indicates that the model in question performed better for a particular dataset when trained on all modalities compared to only clinical data and gene expression modalities used as input. (C) Comparison for Antolini’s concordance. (D) Comparison for IBS. [image refs: gr1.jpg, gr1.gif]"	supported_text	Pending sentence-level adjudication; source finding is not certification of current wording	Add integration/robustness context	Clinical variables present;no direct rawROC comparison. Exhaustive figure/supplement audit remains pending.
E008	L04	NA	Discussion;Methods	paper/reusability_report.tex:164	The hypothesis is directly testable.	Noise ablation and training-only dimensionality reduction	paper/literature/txt/L04.txt:172,174,190,200,216	"L172: Next, we evaluated the performance of different methods on simulated data that included simulated modalities representing Gaussian noise (as described in “ research questions and matching experiments” and the STAR Methods ). Our simulations led to similar conclusions as the experiment of integrating multiple modalities. All methods declined in performance as more noise modalities were included as inputs ( Table 3 ). However, some methods were more resistant to noise than others, with the group-naive methods ( Early , Elastic net, and RSF) showing the least decline in both Antolini’s C and IBS. Some group-aware methods, such as PriorityLasso , were also relatively resistant to noise. When integrating one noise modality, Intermediate (Embrace) , Late (MoE) , and RSF performed significantly worse in terms of Antolini’s C compared to using only clinical data and gene expression. However, when integrating five noise modalities, all methods except RSF, PriorityLasso , and Early performed significantly worse than the same model when integrating clinical data and gene expression. A similar trend was observed for model calibration as (partially) measured by the IBS, with all methods except RSF performing significantly worse than clinical data and gene expression when integrating five noise modalities.
L174: [TABLE Table 3] Most methods decreased in performance significantly when multiple Gaussian noise modalities were used in training, relative to training only on clinical data and gene expression"	supported_text	Pending sentence-level adjudication; source finding is not certification of current wording	Cite proposed ablation design;do not describe ours as executed	True-survival-time input is artificialinformativeness,not deployable prediction. Exhaustive figure/supplement audit remains pending.
E009	L06	NA	Discussion	paper/reusability_report.tex:162	Its pooled pan-cancer scores, however, should not be read as patient-level prognosis.	Case mix changes discrimination without necessarily invalidating coefficients	paper/literature/txt/L06.txt:526	L526: from 0.55 to 0.82, indicating that the model does not transport well to some of the non-target populations. However, when	supported_text	Pending sentence-level adjudication; source finding is not certification of current wording	Add counterargument:pooledtarget legitimate,but not within-cancer question	DVTdiagnosis;our analysis does not implement propensity weighting. Exhaustive figure/supplement audit remains pending.
E010	L06	NA	Discussion;Methods	paper/reusability_report.tex:43	Scored within each cancer, pooled training lowered the ROC AUC of TabFM by 0.084 and TabPFN v3 by 0.070 at 5 years, losses larger than those of tree ensembles.	Standardisation weights pairs and requires overlap	paper/literature/txt/L06.txt:387,398,401,404,485	"L387: standardized c-statistic is given by:
L398:                             wi+ wi− = W denotes the sum of all weights such that the standardized c-statistic is bounded between"	supported_text	Pending sentence-level adjudication; source finding is not certification of current wording	Distinguish stratified scoring from reweighting	Positivity required;method not our implemented estimand. Exhaustive figure/supplement audit remains pending.
E011	L07	NA	Discussion	paper/reusability_report.tex:124	That pattern mixes measured zeros with features that are structurally absent from a cohort.	Missingness may be legitimately informative	paper/literature/txt/L07.txt:9,23	"L9: Abstract Objective Informative presence (IP) is the phenomenon whereby the presence or absence of patient data is potentially informative with respect to their health condition, with informative observation (IO) being the longitudinal equivalent. These phenomena predominantly exist within routinely collected healthcare data, in which data collection is driven by the clinical requirements of patients and clinicians. The extent to which IP and IO are considered when using such data to develop clinical prediction models (CPMs) is unknown, as is the existing methodology aiming at handling these issues. This review aims to synthesize such existing methodology, thereby helping identify an agenda for future methodological work. Materials and Methods A systematic literature search was conducted by 2 independent reviewers using prespecified keywords. Results Thirty-six articles were included. We categorized the methods presented within as derived predictors (including some representation of the measurement process as a predictor in the model), modeling under IP, and latent structures. Including missing indicators or summary measures as predictors is the most commonly presented approach amongst the included studies (24 of 36 articles). Discussion This is the first review to collate the literature in this area under a prediction framework. A considerable body relevant of literature exists, and we present ways in which the described methods could be developed further. Guidance is required for specifying the conditions under which each method should be used to enable applied prediction modelers to use these methods. Conclusions A growing recognition of IP and IO exists within the literature, and methodology is increasingly becoming available to leverage these phenomena for prediction purposes. IP and IO should be approached differently in a prediction context than when the primary goal is explanation. The work included in this review has demonstrated theoretical and empirical benefits of incorporating IP and IO, and therefore we recommend that applied health researchers consider incorporating these methods in their work. Keywords: clinical prediction model, electronic health records, informative observation, informative presence
L23: Thirty-six articles were included. We categorized the methods presented within as derived predictors (including some representation of the measurement process as a predictor in the model), modeling under IP, and latent structures. Including missing indicators or summary measures as predictors is the most commonly presented approach amongst the included studies (24 of 36 articles)."	supported_text	Pending sentence-level adjudication; source finding is not certification of current wording	Add counterargument,care-process versus assay missingness	Does not identify our structural-zero mechanism. Exhaustive figure/supplement audit remains pending.
E012	L08	NA	Discussion	paper/reusability_report.tex:164	Standardizing features within each cancer and removing the zero fingerprint before pooling should restore within-cancer ranking for the foundation models if it is right, and should leave the gap unchanged if it is wrong.	Missingness-shift robustness depends on mechanism	paper/literature/txt/L08.txt:462	L462: Training and evaluation All models were trained on 100, 000 samples and tested on an independent	supported_text	Pending sentence-level adjudication; source finding is not certification of current wording	Add deployment-shift context without claiming all missingness spurious	LBIDD outcomes artificial;unlabelled violin medians NR. Exhaustive figure/supplement audit remains pending.
E013	L09	NA	Discussion	paper/reusability_report.tex:142	\subsection*{Pooled training lowered within-cancer ranking for foundation models}	Negative transfer defined relative to target-only learning	paper/literature/txt/L09.txt:362,405,414,429	"L362: N T G2 are negative transfer gaps for DANN and DANNgate . ∆ is the performance gain of DANNgate compared to DANN.
L405: tive transfer gap (NTG) as the gap between the accuracy of                         on task W→D. ǫy is fixed at 0. Negative transfer gap is shown in brackets."	supported_text	Pending sentence-level adjudication; source finding is not certification of current wording	Use conceptual analogy for paired within-cancer contrast	Vision adaptation != pooled tabular ICL;no causal attention evidence. Exhaustive figure/supplement audit remains pending.
E014	L10	geirhos2020shortcut	Introduction;Discussion	Proposed insertion: Introduction;Discussion	No exact anchor; proposed section-level addition	Shortcut framework is evaluation-dependent	paper/literature/txt/L10.txt:2,10,29,32,79	"L2: TITLE: Shortcut learning in deep neural networks
L10:                                                    Shortcut Learning in Deep Neural Networks"	supported_text	Proposed addition, not an existing citation verdict	Retain framework;avoid proof/shared biology absence claims	Does not establish attention mechanism. Exhaustive figure/supplement audit remains pending.
E015	L11	NA	Introduction;Discussion	paper/reusability_report.tex:164	In the pooled table, the most similar rows are those from the same cohort, which the zero pattern identifies almost perfectly, and they share the cohort's average outcome.	Cell of origin structures molecular taxonomy	paper/literature/txt/L11.txt:37	L37: This PanCancer study encompassed 11,286 tumor samples from 33 cancer types, for which molecular data were available from at least one of the five assay platforms. Of these, 9,759 had complete data for 4 platforms: aneuploidy, DNA methylation, mRNA and miRNA. RPPA protein data were available for a subset of samples (7,858). Hematologic and lymphatic malignancies included acute myeloid leukemia (LAML), lymphoid neoplasm diffuse large B cell lymphoma(DLBC), and thymoma(THYM). Solid tumor types were from gynecologic (ovarian [OV], uterine corpus endometrial carcinoma [UCEC], cervical squamous cell carcinoma and endocervical adenocarcinoma [CESC], and breast invasive carcinoma [BRCA]), urologic (bladder urothelial carcinoma [BLCA], prostate adenocarcinoma [PRAD], testicular germ cell tumors [TGCT], kidney renal clear cell carcinoma [KIRC], kidney chromophobe [KICH], and kidney renal papillary cell carcinoma [KIRP]), endocrine (thyroid carcinoma [THCA] and adrenocortical carcinoma [ACC]), core gastrointestinal (esophageal carcinoma [ESCA], stomach adenocarcinoma [STAD], colon adenocarcinoma [COAD], and rectum adenocarcinoma [READ]), developmental gastrointestinal (liver hepatocellular carcinoma [LIHC], pancreatic adenocarcinoma [PAAD], and cholangiocarcinoma [CHOL]),head and neck (head and neck squamous cell carcinoma [HNSC]), and thoracic (lung adenocarcinoma [LUAD], lung squamous cell carcinoma [LUSC], and mesothelioma [MESO]) organ systems. Cancers of the central nervous system (glioblastoma multiforme [GBM] and brain lower-grade glioma [LGG]) and soft tissue (sarcoma [SARC] and uterine carcinosarcoma [UCS]) were represented, as were cancers from neural-crest-derived tissues, such as pheochromocytoma and paraganglioma (PCPG), and melanocytic cancers of the skin (skin cutaneous melanoma [SKCM]) and eye (uveal melanoma [UVM]). (For a complete list of the TCGA cancer-type abbreviations, please see https://gdc.cancer.gov/resources-tcga-users/tcga-code-tables/tcga-study-abbreviations .)	supported_text	Pending sentence-level adjudication; source finding is not certification of current wording	Explain recoverable biological identity,not just technicalbatch	Shared cross-tissue subtypes exist;not survivalconfounding proof. Exhaustive figure/supplement audit remains pending.
E016	L12	NA	Discussion	paper/reusability_report.tex:162	Its pooled pan-cancer scores, however, should not be read as patient-level prognosis.	Average validation can hide between-site heterogeneity	paper/literature/txt/L12.txt:101	L101: When data from multiple studies are available for external validation, meta-analysis techniques (such as a random effects meta-analysis 52 ) can be used to quantify and summarise between-study heterogeneity in model performance. 30 53 54 For example, Debray and colleagues developed a prediction model for the diagnosis of deep vein thrombosis in patients suspected of having the condition. 45 The researchers performed external validation using 12 studies (10 014 patients in total; study sample sizes ranging from 153 to 1768 patients). Overall, 1897 (19%) patients had deep vein thrombosis, and there were study differences in case mix and deep vein thrombosis prevalence. On average across the 12 studies, the overall calibration was excellent, with a summary E/O of 1.02 (95% confidence interval 0.79 to 1.32), revealing that total number of predicted and true cases of deep vein thrombosis was almost in perfect agreement (that is, an E/O close to 1). However, a random effects meta-analysis revealed considerable between-study heterogeneity. The I 2 statistic was 97%, which indicated that 97% of the total variation in the study estimates was due to between-study heterogeneity. The large heterogeneity is also evident in the forest plot (fig 2), with large variation in study estimates and many non-overlapping confidence intervals. The summary E/O estimate was therefore an incomplete picture, because performance in particular populations could vary considerably from the average.	supported_text	Pending sentence-level adjudication; source finding is not certification of current wording	Add subgroup-reporting rationale	Illustrative different studies;not our frozen controls. Exhaustive figure/supplement audit remains pending.
E017	L12	NA	Discussion;Methods	paper/reusability_report.tex:131	\textbf{b}, Pooled ROC AUC of the best foundation model and the best tree ensemble (solid bars; frozen benchmark) compared with four controls that ignore patient biology: cancer type only, zero pattern only, survival labels shuffled within each cancer (mean of 500 permutations) and a linear model tested on a held-out cancer (mean over held-out cancers).	Internal-external validation checks setting-specific transport	paper/literature/txt/L12.txt:181	L181: In an IPD meta-analysis, where the number of studies ( k ) is typically fewer than 10 studies, a process known as internal-external cross validation has been proposed to combine model development with validation. 42 45 Here, all but one of the studies are used for model development, with the remaining study used for external validation. This process is repeated a further k −1 times, on each occasion omitting a different study to ascertain external validation performance. If performance is always adequate, a final model may be developed using all studies. Otherwise, it flags heterogeneous study populations where a developed model might not perform well, and signals that model updating strategies might be needed (such as recalibration). We note, however, that each cycle should ensure an adequate sample size for model development 72 73 74 and the use of appropriate model derivation techniques (eg, adjustment for optimism). 16 26 Otherwise, poor performance could simply reflect small sample sizes, overfitting, and substandard development techniques.	supported_text	Pending sentence-level adjudication; source finding is not certification of current wording	Separate historical diagnostic from completeexternal validation	Citation cannot repair pooledfeaturepreselection. Exhaustive figure/supplement audit remains pending.
E018	L13	soneson2014batch	Introduction;Discussion	paper/reusability_report.tex:168	Second, documented behavioral differences between generations, which our results suggest are small on public benchmarks but may matter under cohort structure.	Batch-label confounding can bias CV without true gene signal	paper/literature/txt/L13.txt:170	L170: matrix (688 patients|61528 features, E-MTAB-990) from the                      Methods	supported_text	Pending sentence-level adjudication; source finding is not certification of current wording	Retain bounded genomicconfounding citation	Different split protocol and ComBat-beforeCV;not exact ours control. Exhaustive figure/supplement audit remains pending.
E019	L14	bernau2014crossstudy	Introduction;Discussion	paper/reusability_report.tex:131	\textbf{b}, Pooled ROC AUC of the best foundation model and the best tree ensemble (solid bars; frozen benchmark) compared with four controls that ignore patient biology: cancer type only, zero pattern only, survival labels shuffled within each cancer (mean of 500 permutations) and a linear model tested on a held-out cancer (mean over held-out cancers).	Within-study CV need not predict cross-study ranking	paper/literature/txt/L14.txt:132	L132: Figure 2 A shows, for K = 6 algorithms, the distributions of CSV ¯ and CV ¯ , and Figure 2 B shows the distribution of the rankings estimates, across 1000 simulated collections of eight datasets. Table 2 compares the medians of the distributions in Figure 2 B with the true global rankings that we obtained using the criteria in Section 2.4. The rank of method k is 1 if it outperforms the remaining K – 1 training algorithms. We observe large differences in the distributions of CSV ¯ and CV ¯ across simulations ( Fig. 1 A): the average of the CV ¯ scores, under all the algorithms we considered, is close to 0.65, while the CSV ¯ scores are centered at ∼0.55. The variability of CV ¯ and CSV ¯ across simulations, however, is comparable. Fig. 2. Comparison of CSV and CV on simulated data. Each panel represents evaluations of K = 6 algorithms across 1000 simulations of a compendium of I = 8 datasets. For each simulation the diagonal or off-diagonal elements of the Z k matrix of validation C-statistics is summarized by (A) mean and (B) rank of the mean across algorithms. CV estimates tend to be much higher than the CSV estimates. In most of the simulations Lasso is ranked as one of the worst algorithms, both by CV and CSV, while Ridge and Plusminus are ranked among the best prediction methods Table 2. True global rankings and estimates with CV and CSV on simulated data Algorithm Global true ranking CSV (median ranks) CV (median ranks) Criterion Average Medium Average Medium Average Medium Ridge 1 2 2 2 1 2 Plusminus 2 1 2 2 2 2 Superpc 3 3 4 3 4 4 Unicox 4 4 4 4 5 4 CoxBoost 5 5 5 5 3 4 Lasso 6 6 6 6 5 6 Median estimates across 1000 simulations are displayed for CV and CSV; individual columns refer to summarization of the Z i , j k statistics by using the mean or the median as discussed in Section 2.4. We also computed the true global ranking as well as CV and CSV estimates by using the third quartile of the Z i , j k summaries, and obtained results identical to those displayed for the rankings obtained by summarizing validation results through their median. Both CV and CSV tend to rank Ridge regression and Plusminus as best performing algorithms. Variability of CV and CSV rank estimates across simulations is shown in Figure 2 B.	supported_text	Pending sentence-level adjudication; source finding is not certification of current wording	Add precedent without claimingours external TFMvalidation	ER-positive breast;not raw binaryROC;approx remainsapprox. Exhaustive figure/supplement audit remains pending.
E020	L16	priorlabs2025tabpfn25	Introduction;Methods	paper/reusability_report.tex:53	Later releases extended the supported data size,\citep{priorlabs2025tabpfn25,priorlabs2026tabpfn3} and Google's TabFM applies the same in-context principle with a different architecture and synthetic prior.\citep{google2026tabfm,tabfmsoftware2026} An independent clinical comparison has since found established methods competitive with TabPFN across twelve prediction tasks.\citep{shaktah2026established}	TabPFN2.5 capacity and reported subset winrates	paper/literature/txt/L16.txt:31	L31:                                               datasets (≤10,000 data points, 500 features) and a 87% win rate on larger datasets up to 100K	supported_text	Pending sentence-level adjudication; source finding is not certification of current wording	Retain version citation;separate capacity fromCPUguard	L17 retrospective100K versusL16designed50K scopes distinct. Exhaustive figure/supplement audit remains pending.
E021	L16	priorlabs2025tabpfn25	Reproducibility;Discussion	paper/reusability_report.tex:70	The margins were small, and with one split per dataset these results confirm the direction of the original finding rather than its size.	Default,tuned and distilled models not interchangeable	paper/literature/txt/L16.txt:394,460,1864,1988	"L394: based on 60 random configs compared to 200 for the baselines. The vertical dotted line stands for
L460: only based on 60 random configs compared to 200 for the baselines, and that we removed the ""dt-pfn"""	supported_text	Pending sentence-level adjudication; source finding is not certification of current wording	Narrow defaultCPUreproduction claim	Our checkpointnot RealTabPFN/distillation/4hAutoML. Exhaustive figure/supplement audit remains pending.
E022	L17	priorlabs2026tabpfn3	Introduction;Methods;Discussion	paper/reusability_report.tex:53	Later releases extended the supported data size,\citep{priorlabs2025tabpfn25,priorlabs2026tabpfn3} and Google's TabFM applies the same in-context principle with a different architecture and synthetic prior.\citep{google2026tabfm,tabfmsoftware2026} An independent clinical comparison has since found established methods competitive with TabPFN across twelve prediction tasks.\citep{shaktah2026established}	Local v3 versus API Thinking claims	paper/literature/txt/L17.txt:31,984	"L31:                                                models by over 200 Elo on the standard TabArena benchmark, rising to 420 Elo on the largest
L984: tuned and ensembled baselines) by over 420 Elo points, and beats AutoGluon 1.5 extreme (4h) by 220"	supported_text	Pending sentence-level adjudication; source finding is not certification of current wording	Do not attribute API Thinking resultstolocalmodel	Developerclaim,differenthardware/budgets. Exhaustive figure/supplement audit remains pending.
E023	L18	hollmann2025accurate	Reproducibility	paper/reusability_report.tex:70	The central claim reproduced (Fig.~\ref{fig:reproduction}a,b).	Original effect is a normalised benchmark advantage	paper/literature/txt/L18.txt:461,589	"L461: We quantitatively evaluate TabPFN on two dataset collections: the                                                                                                                passes CatBoost, the strongest default baseline, by 0.187 (0.939 com-
L589: using all samples.                                                                                                                                                        compared with 0.939 for TabPFN (default) and 0.914 for AutoGluon."	supported_text	Pending sentence-level adjudication; source finding is not certification of current wording	Qualifydirectionalreproduction,not .877raw versus .939normalised	Our6vsoriginal29classification;one15%test vs10seeds10%test. Exhaustive figure/supplement audit remains pending.
E024	L18	hollmann2025accurate	Introduction;Reproducibility;Methods	paper/reusability_report.tex:53	The original study reported that, on small classification and regression datasets, it outperformed tuned gradient-boosting baselines while taking seconds.	Original speed promise has hardware and budget conditions	paper/literature/txt/L18.txt:32,471,585	"L32:                                                                 less training time. In 2.8 s, TabPFN outperforms an ensemble of the strongest
L471: LightGBM8), linear models, support vector machines (SVMs)39 and                                                                                                                  of TabPFN, taking 2.8 s on average for classification and 4.8 s for regres-"	supported_text	Pending sentence-level adjudication; source finding is not certification of current wording	Retain secondsclaim with hardware	8CPUcores plus2080Ti;not CPU universal latency. Exhaustive figure/supplement audit remains pending.
E025	L18	hollmann2025accurate	Discussion	paper/reusability_report.tex:164	In-context prediction conditions on the training rows most similar to each test patient.	Context attention does not prove nearest-row shortcut mechanism	paper/literature/txt/L18.txt:99,814,827,832	"L99:                  x1            x2          y                    1D feature attention                   1D sample attention              MLP        to a piece-wise constant
L814: study.                                                                      attention, our inter-sample attention does not allow the test samples"	supported_text	Pending sentence-level adjudication; source finding is not certification of current wording	Qualify nearest-row/cohort-mean hypothesis explicitly	No measuredattention or causalablation inours. Exhaustive figure/supplement audit remains pending.
E026	L19	qu2025tabicl	Introduction;Discussion	paper/reusability_report.tex:53	Later releases extended the supported data size,\citep{priorlabs2025tabpfn25,priorlabs2026tabpfn3} and Google's TabFM applies the same in-context principle with a different architecture and synthetic prior.\citep{google2026tabfm,tabfmsoftware2026} An independent clinical comparison has since found established methods competitive with TabPFN across twelve prediction tasks.\citep{shaktah2026established}	Scalability rankings depend on subset	paper/literature/txt/L19.txt:502,1712	"L502: 171 datasets with at most 10 classes, since these can be
L1712: ensemble sizes over no ensembling across 171 datasets with at most 10 classes."	supported_text	Pending sentence-level adjudication; source finding is not certification of current wording	Optional backgroundonly;not evaluatedarm	200-corpusnot171main-subset;15developmentexcluded. Exhaustive figure/supplement audit remains pending.
E027	L20	erickson2025tabarena	Reproducibility;Discussion	paper/reusability_report.tex:100	No two of the ten nonlinear models differed by more than the Nemenyi critical difference of 4.19 ranks.\citep{demsar2006statistical} In this setting TabPFN is reusable: it installs and runs without tuning and is at least as good as tuned tree ensembles.	Validation,tuning and ensembles change comparative claims	paper/literature/txt/L20.txt:420	L420: For TabPFNv2, we obtain 33 datasets (≤ 10K training samples, ≤ 500 features). For TabICL, we	supported_text	Pending sentence-level adjudication; source finding is not certification of current wording	Do not callourdefault trees tuned;explain limitedbudget	Not equivalence evidence;fullNnottrainN. Exhaustive figure/supplement audit remains pending.
E028	L21	grinsztajn2022tree	Introduction	paper/reusability_report.tex:77	\caption{\textbf{TabPFN reproduces on its own benchmark data.} \textbf{a}, TabPFN against six baselines: test ROC AUC of TabPFN (open circle) and of tree ensembles, AutoGluon and logistic regression (filled points) on six benchmark datasets.	Classical-tree benchmark excludes p>>n regime	paper/literature/txt/L21.txt:144	L144: Not high dimensional. We only keep datasets with a d/n ratio below 1/10.	supported_text	Pending sentence-level adjudication; source finding is not certification of current wording	Retain classical benchmarkwithregimequalification	Balancedlowdimensional data;predatesmodernTFMs. Exhaustive figure/supplement audit remains pending.
E029	L22	breiman2001random	Methods;Discussion	paper/reusability_report.tex:164	Tree ensembles split greedily on individual features and average across random feature subsets, which may make them less able to collapse onto a single latent variable.	RF ensemble randomisation	paper/literature/txt/L22.txt:37,104	"L37: random selection of features to split each node yields
L104: Section 3 introduces forests using the random selection of features at each node"	supported_text	Pending sentence-level adjudication; source finding is not certification of current wording	Restrict RFdescription toRF,notallboosters	No evidence RFcausallyimmune tocohortshortcuts. Exhaustive figure/supplement audit remains pending.
E030	L23	chen2016xgboost	Methods	paper/reusability_report.tex:51	Random forests, XGBoost, LightGBM, CatBoost and AutoML systems built on them handle mixed feature scales, missing values and nonlinear interactions with little tuning, and careful benchmarks have repeatedly found that deep networks struggle to beat them on medium-sized tabular data.\citep{breiman2001random,chen2016xgboost,ke2017lightgbm,prokhorenkova2018catboost,erickson2020autogluon,grinsztajn2022tree}	Scalable regularised boosting	paper/literature/txt/L23.txt:585	L585:     Higgs Boson   10 M     28   Event classification                XGBoost                       0.6841         0.8304	supported_text	Pending sentence-level adjudication; source finding is not certification of current wording	Retain algorithm only,notclinical effectiveness	Physics/ranking/clicks differentpredictors/populations. Exhaustive figure/supplement audit remains pending.
E031	L24	ke2017lightgbm	Methods	paper/reusability_report.tex:51	Random forests, XGBoost, LightGBM, CatBoost and AutoML systems built on them handle mixed feature scales, missing values and nonlinear interactions with little tuning, and careful benchmarks have repeatedly found that deep networks struggle to beat them on medium-sized tabular data.\citep{breiman2001random,chen2016xgboost,ke2017lightgbm,prokhorenkova2018catboost,erickson2020autogluon,grinsztajn2022tree}	GOSS/EFB reduce boosting costs	paper/literature/txt/L24.txt:438	L438:                  KDD10             0.7796     OOM            0.78735                                         0.7759 ± 3e-4     0.78732 ± 1e-4	supported_text	Pending sentence-level adjudication; source finding is not certification of current wording	Retain algorithm citation	Sparsemillionsfeaturesnot our100featuredata. Exhaustive figure/supplement audit remains pending.
E032	L25	prokhorenkova2018catboost	Methods	paper/reusability_report.tex:51	Random forests, XGBoost, LightGBM, CatBoost and AutoML systems built on them handle mixed feature scales, missing values and nonlinear interactions with little tuning, and careful benchmarks have repeatedly found that deep networks struggle to beat them on medium-sized tabular data.\citep{breiman2001random,chen2016xgboost,ke2017lightgbm,prokhorenkova2018catboost,erickson2020autogluon,grinsztajn2022tree}	Ordered statistics address internal prediction shift	paper/literature/txt/L25.txt:215,221,231,343,408	"L215: Ordered TS CatBoost uses a more effective strategy. It relies on the ordering principle, the
L221: example and Dk = D for a test one. The obtained ordered TS satisfies the requirement P1 and allows"	supported_text	Pending sentence-level adjudication; source finding is not certification of current wording	Distinguish internal targetleakage from outerfeatureselection	Orderedpaper mode maydifferfromourdefaultPlain. Exhaustive figure/supplement audit remains pending.
E033	L26	erickson2020autogluon	Introduction;Methods;Discussion	paper/reusability_report.tex:51	Random forests, XGBoost, LightGBM, CatBoost and AutoML systems built on them handle mixed feature scales, missing values and nonlinear interactions with little tuning, and careful benchmarks have repeatedly found that deep networks struggle to beat them on medium-sized tabular data.\citep{breiman2001random,chen2016xgboost,ke2017lightgbm,prokhorenkova2018catboost,erickson2020autogluon,grinsztajn2022tree}	AutoML architecture and timebudget	paper/literature/txt/L26.txt:505	L505: tently. On over half of the datasets in each benchmark (23/39           marks), AutoGluon was able to produce even more accurate	supported_text	Pending sentence-level adjudication; source finding is not certification of current wording	Cite architecture;describeour180sec presetfromconfig	2020paper notfullmodernrelease docs;privatecompetitionnotours. Exhaustive figure/supplement audit remains pending.
E034	L27	google2026tabfm	Introduction;Methods;Discussion	paper/reusability_report.tex:53	Later releases extended the supported data size,\citep{priorlabs2025tabpfn25,priorlabs2026tabpfn3} and Google's TabFM applies the same in-context principle with a different architecture and synthetic prior.\citep{google2026tabfm,tabfmsoftware2026} An independent clinical comparison has since found established methods competitive with TabPFN across twelve prediction tasks.\citep{shaktah2026established}	TabFM hybrid synthetic ICL	paper/literature/official/L27_tabfm_google_blog.txt:140	L140: Row compression: Following this contextualization, the rich, cross-attended information for each individual row is compressed into a single, dense vector representation.	supported_text	Pending sentence-level adjudication; source finding is not certification of current wording	Retain official source,not fabricated technicalreport	Cannot establish observed harmmechanism;numericchartsnotfullyaudited. Exhaustive figure/supplement audit remains pending.
E035	L28	tabfmsoftware2026	Methods;Code availability	paper/reusability_report.tex:30	\keywords{tabular foundation models; TabPFN; TabFM; reusability; cancer multiomics; survival prediction; cohort shortcuts}	Software source and weight license differ	paper/literature/official/L28_tabfm_repository_readme.txt:53	L53: ## License notice for pretrained weights	supported_text	Pending sentence-level adjudication; source finding is not certification of current wording	Cite repo and evaluatedcommit separately	Mutablemain snapshotnot evaluatedcommit. Exhaustive figure/supplement audit remains pending.
E036	L29	saito2015precision	Methods;Discussion	Proposed insertion: Methods;Discussion	No exact anchor; proposed section-level addition	PR interpretation depends on prevalence	paper/literature/txt/L29.txt:2,13,29,36,65	"L2: TITLE: The Precision-Recall Plot Is More Informative than the ROC Plot When Evaluating Binary Classifiers on Imbalanced Datasets
L13:                                                           The Precision-Recall Plot Is More Informative"	supported_text	Proposed addition, not an existing citation verdict	Retain definition;stateouractualAP andeventprevalence	Cannotrank differentendpoints byrawPRscore. Exhaustive figure/supplement audit remains pending.
E037	L30	van2019calibration	Discussion;Methods	paper/reusability_report.tex:162	It runs without tuning, performs at least as well as tuned tree ensembles, and its probability estimates were slightly better than the trees' in the pooled tasks (Extended Data Fig.~\ref{fig:ed_prob}).	Discrimination not calibration	paper/literature/txt/L30.txt:2,18,25,28,29	"L2: TITLE: Calibration: the Achilles heel of predictive analytics
L18: Calibration: the Achilles heel of predictive"	supported_text	Pending sentence-level adjudication; source finding is not certification of current wording	Describe lowerBrier/logloss without claiming clinicalcalibration	No ownmatched cancer cohort;not significance/equivalence evidence. Exhaustive figure/supplement audit remains pending.
E038	L32	tcga2012brca	Reusability;Methods	paper/reusability_report.tex:85	We combined breast invasive carcinoma (BRCA), esophageal carcinoma (ESCA), head and neck squamous cell carcinoma (HNSCC), lung squamous cell carcinoma (LSCC) and lung adenocarcinoma (LUAD) from TCGA and CPTAC, 3,238 patients in total (Fig.~\ref{fig:roadmap}b and Table~\ref{tab:cohorts}).\citep{tcga2012brca,tcga2017esca,tcga2015hnsc,tcga2012lusc,tcga2014luad,liu2018clinical,li2023pancancer} Patients censored before a horizon cannot be labeled, which left 1,645 patients for 3-year survival, 1,168 for 5-year survival and 937 for an exploratory extreme-survival endpoint that compares death within 3 years with survival beyond 5 years (Fig.~\ref{fig:roadmap}c).	BRCA provenance denominators	paper/literature/txt/L32.txt:69	L69: Tumour and germline DNA samples were obtained from 825                                         mutated in ulnar-mammary syndrome and involved in mammary	supported_text	Pending sentence-level adjudication; source finding is not certification of current wording	Useours manifestforcurrentn	Distinguishsamples/patients andassayintersection. Exhaustive figure/supplement audit remains pending.
E039	L33	tcga2017esca	Reusability;Methods;Discussion	paper/reusability_report.tex:62	ESCA was too small to form the 5-year and extreme-survival endpoints.	ESCA histology and platform cohorts	paper/literature/txt/L33.txt:22,48,52,83,142	"L22:    cancers remain dismal. Here we performed a comprehensive molecular analysis of 164 carcinomas of the oesophagus
L48: adeno­carcinomas and the classification of adenocarcinomas spanning                               We evaluated the 164 oesophageal carcinomas using integrated clus-"	supported_text	Pending sentence-level adjudication; source finding is not certification of current wording	Cite provenance;qualify homogeneous-cancerwording	Countsnotours eligibility;not externalprediction. Exhaustive figure/supplement audit remains pending.
E040	L34	tcga2015hnsc	Reusability;Methods	paper/reusability_report.tex:85	We combined breast invasive carcinoma (BRCA), esophageal carcinoma (ESCA), head and neck squamous cell carcinoma (HNSCC), lung squamous cell carcinoma (LSCC) and lung adenocarcinoma (LUAD) from TCGA and CPTAC, 3,238 patients in total (Fig.~\ref{fig:roadmap}b and Table~\ref{tab:cohorts}).\citep{tcga2012brca,tcga2017esca,tcga2015hnsc,tcga2012lusc,tcga2014luad,liu2018clinical,li2023pancancer} Patients censored before a horizon cannot be labeled, which left 1,645 patients for 3-year survival, 1,168 for 5-year survival and 937 for an exploratory extreme-survival endpoint that compares death within 3 years with survival beyond 5 years (Fig.~\ref{fig:roadmap}c).	HNSCC molecular heterogeneity	paper/literature/txt/L34.txt:23,51,55,56,58	"L23:    The Cancer Genome Atlas profiled 279 head and neck squamous cell carcinomas (HNSCCs) to provide a comprehensive
L51: lyses from the first 279 patients with complete data.                                          instability with a mean of 141 CNAs (amplifications or deletions) from"	supported_text	Pending sentence-level adjudication; source finding is not certification of current wording	Retain provenance,notclinicalinputcontrolclaim	Ourclinicalconfoundersnotnecessarilymeasured. Exhaustive figure/supplement audit remains pending.
E041	L35	tcga2012lusc	Reusability;Methods	paper/reusability_report.tex:85	We combined breast invasive carcinoma (BRCA), esophageal carcinoma (ESCA), head and neck squamous cell carcinoma (HNSCC), lung squamous cell carcinoma (LSCC) and lung adenocarcinoma (LUAD) from TCGA and CPTAC, 3,238 patients in total (Fig.~\ref{fig:roadmap}b and Table~\ref{tab:cohorts}).\citep{tcga2012brca,tcga2017esca,tcga2015hnsc,tcga2012lusc,tcga2014luad,liu2018clinical,li2023pancancer} Patients censored before a horizon cannot be labeled, which left 1,645 patients for 3-year survival, 1,168 for 5-year survival and 937 for an exploratory extreme-survival endpoint that compares death within 3 years with survival beyond 5 years (Fig.~\ref{fig:roadmap}c).	LSCC artifact label means LUSC	paper/literature/txt/L35.txt:24,59,66,74,98	"L24:     we profile 178 lung squamous cell carcinomas to provide a comprehensive landscape of genomic and epigenomic
L59:                                                                                               across the set of 178 lung SQCCs identified a high rate of copy number"	supported_text	Pending sentence-level adjudication; source finding is not certification of current wording	Clarify standard naming	Not our endpointn. Exhaustive figure/supplement audit remains pending.
E042	L36	tcga2014luad	Reusability;Methods	paper/reusability_report.tex:85	We combined breast invasive carcinoma (BRCA), esophageal carcinoma (ESCA), head and neck squamous cell carcinoma (HNSCC), lung squamous cell carcinoma (LSCC) and lung adenocarcinoma (LUAD) from TCGA and CPTAC, 3,238 patients in total (Fig.~\ref{fig:roadmap}b and Table~\ref{tab:cohorts}).\citep{tcga2012brca,tcga2017esca,tcga2015hnsc,tcga2012lusc,tcga2014luad,liu2018clinical,li2023pancancer} Patients censored before a horizon cannot be labeled, which left 1,645 patients for 3-year survival, 1,168 for 5-year survival and 937 for an exploratory extreme-survival endpoint that compares death within 3 years with survival beyond 5 years (Fig.~\ref{fig:roadmap}c).	LUAD provenance	paper/literature/txt/L36.txt:22,41,59,114,119	"L22:     Adenocarcinoma of the lung is the leading cause of cancer death worldwide. Here we report molecular profiling of 230
L41: time). Recently, molecularly targeted therapies have dramatically improved                                                              We analysed tumour and matched normal material from 230 previously"	supported_text	Pending sentence-level adjudication; source finding is not certification of current wording	Retain provenance;omit irrelevant drivermetricsfromperformanceResults	Biologicalpercentagesnot modelAUC. Exhaustive figure/supplement audit remains pending.
E043	L39	tripodai2024	Methods;Supplement	paper/reusability_report.tex:197	Reporting followed TRIPOD+AI, with risk of bias considered against PROBAST+AI.\citep{tripodai2024,probastai2024}	Reporting checklist requirements	paper/literature/txt/L39.txt:182	L182: TRIPOD+AI comprises a checklist of items that are considered essential for good reporting of studies developing or evaluating (validating) a prediction model using any statistical or machine learning methods ( table 2 ). Box 2 summarises noteworthy additions and changes to TRIPOD 2015. The TRIPOD+AI checklist comprises 27 main items about the title (item 1), abstract (item 2), introduction (items 3 and 4), methods (items 5-17), open science practises (item 18), patient and public involvement (item 19), results (items 20-24), and discussion (items 25-27). Some items included multiple subitems, totalling to 52 checklist subitems.	supported_text	Pending sentence-level adjudication; source finding is not certification of current wording	Retainonlywith item-levelmapping,otherwiseguidanceconsulted	Citationnot checklist compliance. Exhaustive figure/supplement audit remains pending.
E044	L40	probastai2024	Methods;Discussion;Supplement	paper/reusability_report.tex:197	Reporting followed TRIPOD+AI, with risk of bias considered against PROBAST+AI.\citep{tripodai2024,probastai2024}	Updated quality/bias/applicability tool	paper/literature/txt/L40.txt:11,15	"L11: Abstract The Prediction model Risk Of Bias ASsessment Tool (PROBAST) is used to assess the quality, risk of bias, and applicability of prediction models or algorithms and of prediction model/algorithm studies. Since PROBAST’s introduction in 2019, much progress has been made in the methodology for prediction modelling and in the use of artificial intelligence, including machine learning, techniques. An update to PROBAST-2019 is thus needed. This article describes the development of PROBAST+AI. PROBAST+AI consists of two distinctive parts: model development and model evaluation. For model development, PROBAST+AI users assess quality and applicability using 16 targeted signalling questions. For model evaluation, PROBAST+AI users assess the risk of bias and applicability using 18 targeted signalling questions. Both parts contain four domains: participants and data sources, predictors, outcome, and analysis. Applicability of the prediction model is rated for the participants and data sources, predictors, and outcome domains. PROBAST+AI may replace the original PROBAST tool and allows all key stakeholders (eg, model developers, AI companies, researchers, editors, reviewers, healthcare professionals, guideline developers, and policy organisations) to examine the quality, risk of bias, and applicability of any type of prediction model in the healthcare sector, irrespective of whether regression modelling or AI techniques are used.
L15: The Prediction model Risk Of Bias ASsessment Tool (PROBAST) is used to assess the quality, risk of bias, and applicability of prediction models or algorithms and of prediction model/algorithm studies. Since PROBAST’s introduction in 2019, much progress has been made in the methodology for prediction modelling and in the use of artificial intelligence, including machine learning, techniques. An update to PROBAST-2019 is thus needed. This article describes the development of PROBAST+AI. PROBAST+AI consists of two distinctive parts: model development and model evaluation. For model development, PROBAST+AI users assess quality and applicability using 16 targeted signalling questions. For model evaluation, PROBAST+AI users assess the risk of bias and applicability using 18 targeted signalling questions. Both parts contain four domains: participants and data sources, predictors, outcome, and analysis. Applicability of the prediction model is rated for the participants and data sources, predictors, and outcome domains. PROBAST+AI may replace the original PROBAST tool and allows all key stakeholders (eg, model developers, AI companies, researchers, editors, reviewers, healthcare professionals, guideline developers, and policy organisations) to examine the quality, risk of bias, and applicability of any type of prediction model in the healthcare sector, irrespective of whether regression modelling or AI techniques are used."	supported_text	Pending sentence-level adjudication; source finding is not certification of current wording	Document explicit risk/applicability assessment	Notcertification;bibkey2024 != publication2025. Exhaustive figure/supplement audit remains pending.
E045	L01	shaktah2026established	Discussion;Methods	paper/reusability_report.tex:53	Later releases extended the supported data size,\citep{priorlabs2025tabpfn25,priorlabs2026tabpfn3} and Google's TabFM applies the same in-context principle with a different architecture and synthetic prior.\citep{google2026tabfm,tabfmsoftware2026} An independent clinical comparison has since found established methods competitive with TabPFN across twelve prediction tasks.\citep{shaktah2026established}	Clinical comparison uncertainty is conditional on a fixed test set	paper/literature/txt/L01.txt; named table/section, specific passage pending	See named table/page or unavailable status; no exact passage captured.	selected_finding_specific_passage_pending	Pending sentence-level adjudication; source finding is not certification of current wording	Include uncertainty-design distinction in any numerical clinical comparison	Our saved-prediction patient bootstrap estimates a different conditional uncertainty; original Arasteh split wording also needs reconciliation. Exhaustive figure/supplement audit remains pending.
E046	L02	herrmann2021benchmark	Discussion	paper/reusability_report.tex:96	\subsection*{Within a single cancer, no model wins decisively}	Per-cancer differences may be small despite clinical-only comparator	paper/literature/txt/L02.txt:304,325	"L304: [TABLE Table 5] Assessment of the added predictive value of the molecular variables by dataset. The second and seventh column show the best performing learners for the respective dataset and measure, the ‘cindex’ and ‘ibrier’ columns the performances of these learners. In the cases where the clinical only model is outperformed, the ‘Ref.’ columns show the corresponding cindex and ibrier values of the reference Cox model only using clinical variables. The “ci” columns show the 95% confidence intervals for the respective performance values based on quantiles of the t-distribution; observations are the learners’ CV iteration values. Note that these intervals are intended to give a notion of the stability of the mean values, but are—in contrast to Table 4 —not valid confidence intervals, since the CV iterations are no independent observations [ 55 , 56 ]. Bold letters indicate datasets for which there is a method using the group structure and outperforming the Cox model for both measures.
L325: Assessment of the added predictive value of the molecular variables by dataset. The second and seventh column show the best performing learners for the respective dataset and measure, the ‘cindex’ and ‘ibrier’ columns the performances of these learners. In the cases where the clinical only model is outperformed, the ‘Ref.’ columns show the corresponding cindex and ibrier values of the reference Cox model only using clinical variables. The “ci” columns show the 95% confidence intervals for the respective performance values based on quantiles of the t-distribution; observations are the learners’ CV iteration values. Note that these intervals are intended to give a notion of the stability of the mean values, but are—in contrast to Table 4 —not valid confidence intervals, since the CV iterations are no independent observations [ 55 , 56 ]. Bold letters indicate datasets for which there is a method using the group structure and outperforming the Cox model for both measures."	supported_text	Pending sentence-level adjudication; source finding is not certification of current wording	Add cohort-specific contextual examples without equivalence or direct AUC ranking	Winner per metric chosen retrospectively; selected best method differs by endpoint; do not promote dependent-fold intervals to patient CIs. Exhaustive figure/supplement audit remains pending.
E047	L02	herrmann2021benchmark	Discussion	paper/reusability_report.tex:100	No two of the ten nonlinear models differed by more than the Nemenyi critical difference of 4.19 ranks.\citep{demsar2006statistical} In this setting TabPFN is reusable: it installs and runs without tuning and is at least as good as tuned tree ensembles.	No statistically resolved aggregate superiority over clinical reference	paper/literature/txt/L02.txt:294	L294: However, when comparing the described performances—especially if based on the aggregated results in Table 4 —it is very important to consider the heterogeneity over the datasets. As the standard deviations and confidence intervals in Table 4 and the boxplots in Figure 2 show, the performance of the methods varies strongly over the datasets (the confidence intervals are obtained by using the learners’ average values over the CV iterations as observations, i.e. one observation per dataset). The dataset specific learner performances are depicted in the supplementary tables . Moreover, paired two-sided \documentclass[12pt]{minimal} \usepackage{amsmath} \usepackage{wasysym} \usepackage{amsfonts} \usepackage{amssymb} \usepackage{amsbsy} \usepackage{upgreek} \usepackage{mathrsfs} \setlength{\oddsidemargin}{-69pt} \begin{document} }{}$t$\end{document} -tests comparing, for example, blockForest with CoxBoost favoring and the clinical only model show no statistically significant differences in performance with \documentclass[12pt]{minimal} \usepackage{amsmath} \usepackage{wasysym} \usepackage{amsfonts} \usepackage{amssymb} \usepackage{amsbsy} \usepackage{upgreek} \usepackage{mathrsfs} \setlength{\oddsidemargin}{-69pt} \begin{document} }{}$p$\end{document} -values of 0.81 and 0.86 (cindex) and 0.95 and 0.78 (ibrier). For all \documentclass[12pt]{minimal} \usepackage{amsmath} \usepackage{wasysym} \usepackage{amsfonts} \usepackage{amssymb} \usepackage{amsbsy} \usepackage{upgreek} \usepackage{mathrsfs} \setlength{\oddsidemargin}{-69pt} \begin{document} }{}$t$\end{document} -tests in the study, the normal distribution assumption was checked with Shapiro–Wilk tests and Q-Q plots. Thus, considering the small differences in performance and the variability of the method performances across datasets, conclusions about the superiority of one method over another should be treated with great caution.	supported_text	Pending sentence-level adjudication; source finding is not certification of current wording	Use to qualify similar magnitudes, not to establish equivalence	Our Nemenyi nonsignificance likewise does not show noninferiority. Exhaustive figure/supplement audit remains pending.
E048	L02	herrmann2021benchmark	Discussion	paper/reusability_report.tex:164	Tree ensembles split greedily on individual features and average across random feature subsets, which may make them less able to collapse onto a single latent variable.	Structured methods can avoid discounting small clinical blocks	paper/literature/txt/L02.txt:329	L329: Including group structure In general, the results suggest that using the naive strategy of treating clinical and molecular variables equally leads to a worse performance in comparison to methods that take the group structure into account. Table 6 shows the mean performance of the naive learners and the structured learners (both favoring and not favoring the clinical features) by dataset. That is, we compare methods using multi-omics data and additionally its structure (structured learners: ipflasso, priortylasso variants, grridge, CoxBoost favoring, blockForest) against methods using the multi-omics data but not taking into account its structure (naive learners: Lasso, ranger, CoxBoost, glmboost). The clinical only model and the Kaplan–Meier estimate are not considered here. Each value is computed as average over the naive respectively the structured learners’ mean cindex and ibrier values. Only in five cases is the average performance of the naive learners better than the average performance of the structured learners: regarding the ibrier, the naive learners perform better than the structured learners for four datasets; regarding the cindex, only for the LGG dataset is the performance of the naive learners higher than the performance of the structured learners. Unpaired, one-sided \documentclass[12pt]{minimal} \usepackage{amsmath} \usepackage{wasysym} \usepackage{amsfonts} \usepackage{amssymb} \usepackage{amsbsy} \usepackage{upgreek} \usepackage{mathrsfs} \setlength{\oddsidemargin}{-69pt} \begin{document} }{}$t$\end{document} -tests for the four naive and the six structured learners, using the mean performance values of the individual methods over the datasets as observations, yield \documentclass[12pt]{minimal} \usepackage{amsmath} \usepackage{wasysym} \usepackage{amsfonts} \usepackage{amssymb} \usepackage{amsbsy} \usepackage{upgreek} \usepackage{mathrsfs} \setlength{\oddsidemargin}{-69pt} \begin{document} }{}$p$\end{document} -values of 0.1273 and 0.0002 for the ibrier and cindex, respectively.	supported_text	Pending sentence-level adjudication; source finding is not certification of current wording	Discuss input-group imbalance as alternative to a unique ICL mechanism	Not causal proof for our attention or pooled-cancer effect; family averages differ in architecture. Exhaustive figure/supplement audit remains pending.
E049	L03	li2024combining	Discussion	paper/reusability_report.tex:62	\textbf{b}, Patients per cohort: all patients (lightest bar) and those eligible for 3-year survival, 5-year survival and extreme survival (progressively darker bars); the number gives the cohort total.	Top omics combinations favour expression but do not justify all-modalities claims	paper/literature/txt/L03.txt:402	L402: results obtained for the two performance measures were                         highly unlikely (p = 5.9 × 10−6 ). Details of the statistical	supported_text	Pending sentence-level adjudication; source finding is not certification of current wording	Optional discussion of modality informativeness; do not confuse target selection with modality selection	Top30 retrospective ranking; supplementary counts/figure are not all numerically reconstructed; does not explain cohort pooling. Exhaustive figure/supplement audit remains pending.
E050	L03	li2024combining	Discussion;Methods	paper/reusability_report.tex:180	\subsection*{Frozen evaluation}	An important comparison-design limitation is stated by authors	paper/literature/txt/L03.txt:334	L334: dation repeated five times, without stratification based                the latter specific observation, there is no clear picture	supported_text	Pending sentence-level adjudication; source finding is not certification of current wording	Document why benchmark protocols are not numerically interchangeable	Clinical variables included in this source, omitted from our molecular comparison; conditional population differs. Exhaustive figure/supplement audit remains pending.
E051	L04	NA	Discussion	paper/reusability_report.tex:162	It runs without tuning, performs at least as well as tuned tree ensembles, and its probability estimates were slightly better than the trees' in the pooled tasks (Extended Data Fig.~\ref{fig:ed_prob}).	Statistical and neural survival methods differ in probabilistic scoring	paper/literature/txt/L04.txt:81	L81: When only incorporating clinical data and gene expression, the two most informative modalities, we found that all methods that incorporated the group structure of the data into their model-building process performed similarly in terms of discrimination, as measured by Antolini’s C ( Table 1 ), except Late (MoE) , which underperformed the other approaches. BlockForest achieved the highest Antolini’s C, but most other methods did not perform significantly worse than it ( Table 1 ). All methods that disregarded group structure ( Early , Elastic net, and RSF) performed significantly worse than BlockForest in terms of Antolini’s C. In terms of model IBS, BlockForest significantly outperformed all other methods. In addition, we saw a clear trend of deep learning models underperforming compared to statistical ones in terms of IBS, suggesting that deep learning models tend to be calibrated worse than statistical ones, even when using the same loss function. In fact, the best deep learning models performed worse in terms of IBS than the worst statistical ones ( Table 1 ). When looking beyond aggregated performance measures and investigating the rank of each model on each cancer-type-specific dataset in terms of Antolini’s C and the IBS we found a similar picture, with BlockForest and some of the intermediate deep learning methods generally securing the higher ranks for Antolini’s C, while BlockForest and other statistical models dominated in terms of the IBS ( Figures 1 A and 1B).	supported_text	Pending sentence-level adjudication; source finding is not certification of current wording	Compare probabilistic accuracy cautiously; qualify source's calibration interpretation	IBS includes discrimination/resolution; source wording is not proof that lower Brier alone is calibration. Exhaustive figure/supplement audit remains pending.
E052	L06	NA	Discussion	paper/reusability_report.tex:162	Its pooled pan-cancer scores, however, should not be read as patient-level prognosis.	Case-mix weighting does not always reduce heterogeneity	paper/literature/txt/L06.txt:534	L534: found 𝜏̂ = 0.28 for the standardized c-statistic. Hence, in the unstandardized validation samples the heterogeneity of the	supported_text	Pending sentence-level adjudication; source finding is not certification of current wording	Use balanced explanation: direction depends on model and target population	Not universal correction; coefficients and sampling heterogeneity interact. Exhaustive figure/supplement audit remains pending.
E053	L08	NA	Discussion	paper/reusability_report.tex:124	That pattern mixes measured zeros with features that are structurally absent from a cohort.	Outcome-dependent missingness changes the robustness assumptions	paper/literature/txt/L08.txt:420,439,1258,1270,1520	"L420: function. In addition, we considered a setting MAR-Y in which the missingness of covariates de-
L439: by the linear model. For the MAR-Y setting, we also fitted variants that include Y for unbiased"	supported_text	Pending sentence-level adjudication; source finding is not certification of current wording	Do not identify observed molecular zero as missing by definition; keep genuinezeros separate	Our assay zero mask has not been shown to satisfy any of these mechanisms. Exhaustive figure/supplement audit remains pending.
E054	L09	NA	Discussion	paper/reusability_report.tex:164	The hypothesis is directly testable.	Gated adaptation example limits harmful transfer	paper/literature/txt/L09.txt:376	L376:             DANN         99.6±0.2   89.7±1.6    78.4±2.5     70.5±4.3       84.6    80.2±2.0    73.3±2.2     70.2±3.3      51.3±4.3      68.8	supported_text	Pending sentence-level adjudication; source finding is not certification of current wording	Conceptual target-only baseline/remedy example, not a cancer numerical comparison	Negative transfer gap definition must be retained; not ours mean ROC delta. Exhaustive figure/supplement audit remains pending.
E055	L16	priorlabs2025tabpfn25	Methods;Discussion	paper/reusability_report.tex:117	NA, pooled 3-year training sets exceeded the 1,000-sample CPU limit of TabPFN v2--v2.6.}	Version capacity should not be described as a context failure at1,000patients	paper/literature/txt/L16.txt:297	L297: Rows and Features are the recommended maximum sizes.	supported_text	Pending sentence-level adjudication; source finding is not certification of current wording	If limitations discussed, distinguish safeguard from architectural parsing limit	NA remains NA; no refitting requested; L17 describes additional newer regimes. Exhaustive figure/supplement audit remains pending.
E056	L19	qu2025tabicl	Reproducibility;Discussion	paper/reusability_report.tex:70	The margins were small, and with one split per dataset these results confirm the direction of the original finding rather than its size.	Benchmark validation use differs between model families	paper/literature/txt/L19.txt:510	L510: and TabPFNv2 using the training data only, which places               TabICL enables ICL for large datasets. While	supported_text	Pending sentence-level adjudication; source finding is not certification of current wording	Define what reproduced claim is and what has not been reproduced	Our default comparisons not this TALENT protocol; TabICL is not an evaluated arm. Exhaustive figure/supplement audit remains pending.
E057	L20	erickson2025tabarena	Reproducibility;Discussion	paper/reusability_report.tex:13	\usepackage[numbers,super,sort&compress]{natbib}	Runtime comparisons are hardware-specific and missing-score methods differ	paper/literature/txt/L20.txt:435,1565,1580,1595,1620	"L435: more, we present one leaderboard encompassing all models in Appendix A.1, where we impute
L1565: Results. Figure A.1 presents a leaderboard including all models. We impute the results for models"	supported_text	Pending sentence-level adjudication; source finding is not certification of current wording	Retain our transparent NA treatment; do not adopt imputation for absent model configurations	This source's live leaderboard rule is not permission to fabricate our scores. Exhaustive figure/supplement audit remains pending.
E058	L25	prokhorenkova2018catboost	Discussion;Methods	paper/reusability_report.tex:164	Tree ensembles split greedily on individual features and average across random feature subsets, which may make them less able to collapse onto a single latent variable.	Ordered mode is especially helpful on small datasets but not a claim about cohort confounding	paper/literature/txt/L25.txt:517	L517: about 1.7 times slower.	supported_text	Pending sentence-level adjudication; source finding is not certification of current wording	Separate boosting-mode target leakage from proposed pooling mechanism	Paper's orderedtargetstatistics not variance-selection audit; RFsubsampling description not alltree methods. Exhaustive figure/supplement audit remains pending.
E059	L26	erickson2020autogluon	Reproducibility;Discussion	paper/reusability_report.tex:51	Random forests, XGBoost, LightGBM, CatBoost and AutoML systems built on them handle mixed feature scales, missing values and nonlinear interactions with little tuning, and careful benchmarks have repeatedly found that deep networks struggle to beat them on medium-sized tabular data.\citep{breiman2001random,chen2016xgboost,ke2017lightgbm,prokhorenkova2018catboost,erickson2020autogluon,grinsztajn2022tree}	Headline AutoML averages use common successful subsets	paper/literature/txt/L26.txt:456	L456:         AutoGluon           -         -          1            23           1.8438             0.1385                    201	supported_text	Pending sentence-level adjudication; source finding is not certification of current wording	Explain why our default180secAutoML cannot reproduce a4hensemble leaderboard claim	Tables have different denominators; Kaggle means common7competitions notall11; source statuses not ours NA. Exhaustive figure/supplement audit remains pending.
E060	L29	saito2015precision	Discussion;Methods	Proposed insertion: Discussion;Methods	No exact anchor; proposed section-level addition	Same high ROC can mask low precision under imbalance	paper/literature/txt/L29.txt:830	L830: MiRFinder                               0.992*                                   0.945                            0.772                               0.106*	supported_text	Proposed addition, not an existing citation verdict	Use methodological illustration only; include correct classcount denominators	Not a clinical benchmark; no model-family inference from microRNA tool results. Exhaustive figure/supplement audit remains pending.
E061	L29	saito2015precision	Discussion;Methods	Proposed insertion: Discussion;Methods	No exact anchor; proposed section-level addition	Prevalence changes the meaning of an identical ROC point	paper/literature/txt/L29.txt:630	L630:                                                 0.67, the points represent 500 TPs in both cases but 160 FPs in the balanced and 1 600 FPs in	supported_text	Proposed addition, not an existing citation verdict	Explain prevalence-aware reporting without declaring ROC inherentlyinvalid	Counts from constructed score distributions; do not confuse with our pooled predictions. Exhaustive figure/supplement audit remains pending.
E062	L05	NA	Discussion: pooled versus within-cancer discrimination	paper/reusability_report.tex:162	Its pooled pan-cancer scores, however, should not be read as patient-level prognosis.	Separates effects of population case mix from model coefficient validity when interpreting discrimination in new populations.	NA	See named table/page or unavailable status; no exact passage captured.	unverified_full_text_unavailable	Unverified: correct-source full text unavailable	Keep proposed role pending correct-source full text	Conceptual support for case-mix dependence, not evidence that all pooled gains are nonbiological. Exhaustive figure/supplement audit remains pending.
E063	L15	ambroise2002selection	Methods: train-only feature selection; Discussion: historical diagnostic limitations	Proposed insertion: Methods: train-only feature selection; Discussion: historical diagnostic limitations	No exact anchor; proposed section-level addition	Shows that gene selection outside the resampling loop can bias estimates of prediction error.	NA	See named table/page or unavailable status; no exact passage captured.	unverified_full_text_unavailable	Unverified: correct-source full text unavailable	Keep proposed role pending correct-source full text	Feature-selection leakage is distinct from cohort shortcuts; cannot infer its direction for every held-out analysis. Exhaustive figure/supplement audit remains pending.
E064	L31	brier1950verification	Methods: Brier score	paper/reusability_report.tex:188	ROC AUC was the primary measure; precision-recall AUC, log loss, Brier score and threshold-dependent metrics were also recorded.	Introduces a squared-error score for probability forecasts.	NA	See named table/page or unavailable status; no exact passage captured.	unverified_full_text_unavailable	Unverified: correct-source full text unavailable	Keep proposed role pending correct-source full text	Scoring-rule origin, not evidence of calibration or clinical usefulness in this cohort. Exhaustive figure/supplement audit remains pending.
E065	L37	liu2018clinical	Methods: clinical outcomes; Results: eligibility; Discussion: endpoint limitations	paper/reusability_report.tex:177	\subsection*{Cancer cohorts and outcomes}	Curates TCGA clinical outcomes and provides guidance for choosing survival endpoints across cancers.	NA	See named table/page or unavailable status; no exact passage captured.	unverified_full_text_unavailable	Unverified: correct-source full text unavailable	Keep proposed role pending correct-source full text	Our fixed-horizon exclusions must still be documented from the actual preprocessing. Exhaustive figure/supplement audit remains pending.
E066	L38	li2023pancancer	Introduction: multiomics; Methods: CPTAC provenance	paper/reusability_report.tex:85	We combined breast invasive carcinoma (BRCA), esophageal carcinoma (ESCA), head and neck squamous cell carcinoma (HNSCC), lung squamous cell carcinoma (LSCC) and lung adenocarcinoma (LUAD) from TCGA and CPTAC, 3,238 patients in total (Fig.~\ref{fig:roadmap}b and Table~\ref{tab:cohorts}).\citep{tcga2012brca,tcga2017esca,tcga2015hnsc,tcga2012lusc,tcga2014luad,liu2018clinical,li2023pancancer} Patients censored before a horizon cannot be labeled, which left 1,645 patients for 3-year survival, 1,168 for 5-year survival and 937 for an exploratory extreme-survival endpoint that compares death within 3 years with survival beyond 5 years (Fig.~\ref{fig:roadmap}c).	Integrates pan-cancer proteogenomic information to connect genomic drivers with functional molecular states.	NA	See named table/page or unavailable status; no exact passage captured.	unverified_full_text_unavailable	Unverified: correct-source full text unavailable	Keep proposed role pending correct-source full text	Broad CPTAC context may need additional cohort-specific source papers in the full provenance audit. Exhaustive figure/supplement audit remains pending.
