source_id	pdf_pages	status	text_path
L01	12	pdf_text_extracted	txt/L01.txt
L03	14	pdf_text_extracted	txt/L03.txt
L06	22	pdf_text_extracted	txt/L06.txt
L08	28	pdf_text_extracted	txt/L08.txt
L09	10	pdf_text_extracted	txt/L09.txt
L10	29	pdf_text_extracted	txt/L10.txt
L13	13	pdf_text_extracted	txt/L13.txt
L16	35	pdf_text_extracted	txt/L16.txt
L17	83	pdf_text_extracted	txt/L17.txt
L18	23	pdf_text_extracted	txt/L18.txt
L19	31	pdf_text_extracted	txt/L19.txt
L20	66	pdf_text_extracted	txt/L20.txt
L21	33	pdf_text_extracted	txt/L21.txt
L22	33	pdf_text_extracted	txt/L22.txt
L23	13	pdf_text_extracted	txt/L23.txt
L24	9	pdf_text_extracted	txt/L24.txt
L25	11	pdf_text_extracted	txt/L25.txt
L26	28	pdf_text_extracted	txt/L26.txt
L29	21	pdf_text_extracted	txt/L29.txt
L30	7	pdf_text_extracted	txt/L30.txt
L31	16	wrong_source_quarantined; correct DOI article PDF unavailable	txt/L31_wrong_source.txt
L32	10	pdf_text_extracted	txt/L32.txt
L33	22	pdf_text_extracted	txt/L33.txt
L34	7	pdf_text_extracted	txt/L34.txt
L35	8	pdf_text_extracted	txt/L35.txt
L36	10	pdf_text_extracted	txt/L36.txt
