source_id	title	year	doi	publication_type	collection_status	priority	relevance_note	comparison_limit	source_url	screening_status	existing_bib_key	manuscript_location
L01	Established machine learning matches tabular foundation models in clinical predictions	2026	10.1186/s12911-026-03654-3	Journal article	New candidate	High	Compares TabPFN with twelve established methods across twelve binary clinical tasks; finds competitive but inconsistent superiority.	Different clinical predictors, populations and budgets; not a directly matched multiomics benchmark.	https://link.springer.com/article/10.1186/s12911-026-03654-3	Abstract screened	NA	Discussion: foundation-model versus classical comparison; Introduction: independent clinical evaluation
L02	Large-scale benchmark study of survival prediction methods using multi-omics data	2021	10.1093/bib/bbaa167	Journal article	New candidate	High	Benchmarks survival methods on eighteen TCGA datasets with clinical comparators; molecular integration does not ensure substantial improvement.	Right-censored survival metrics cannot be directly compared with our fixed-horizon ROC AUC.	https://pubmed.ncbi.nlm.nih.gov/32823283/	Abstract screened	NA	Discussion: closest multiomics benchmark; Introduction: evidence gap
L03	Does combining numerous data types in multi-omics data improve or hinder performance in survival prediction? Insights from a large-scale benchmark study	2024	10.1186/s12911-024-02642-9	Journal article	New candidate	High	Examines numerous omics combinations across TCGA datasets and questions the assumption that more modalities improve survival prediction.	Modality integration is different from pooling cancer cohorts; no proof of our shortcut mechanism.	https://link.springer.com/article/10.1186/s12911-024-02642-9	Abstract screened	NA	Discussion: modality heterogeneity and harmful integration; Introduction: multiomics difficulty
L04	Systematic comparison of multi-omics survival models reveals a widespread lack of noise resistance	2023	10.1016/j.crmeth.2023.100461	Journal article	New candidate	High	Compares twelve multiomics survival models on seventeen TCGA datasets and identifies sensitivity to noisy input modalities.	Different survival estimands and architectures; does not evaluate our TabPFN generations.	https://pmc.ncbi.nlm.nih.gov/articles/PMC10162996/	Abstract screened	NA	Discussion: weak within-cancer prediction and robustness; Introduction: high-dimensional multiomics
L05	External Validity of Risk Models: Use of Benchmark Values to Disentangle a Case-Mix Effect From Incorrect Coefficients	2010	10.1093/aje/kwq223	Journal article	New candidate	High	Separates effects of population case mix from model coefficient validity when interpreting discrimination in new populations.	Conceptual support for case-mix dependence, not evidence that all pooled gains are nonbiological.	https://academic.oup.com/aje/article/172/8/971/275236	Abstract screened	NA	Discussion: pooled versus within-cancer discrimination
L06	Propensity-based standardization to enhance the validation and interpretation of prediction model discrimination for a target population	2023	10.1002/sim.9817	Journal article	New candidate	High	Standardizes discrimination for case-mix differences to make comparisons across development and validation samples more interpretable.	We have not implemented its propensity-weighting procedure; cite as interpretive context only.	https://pubmed.ncbi.nlm.nih.gov/37311563/	Abstract screened	NA	Discussion: case mix and clinically relevant target populations
L07	Informative presence and observation in routine health data: A review of methodology for clinical risk prediction	2021	10.1093/jamia/ocaa242	Review	New candidate	High	Reviews how whether and when measurements are recorded can itself inform clinical risk predictions.	Routine-care observation patterns are not identical to assay absence or genuine molecular zeros.	https://pmc.ncbi.nlm.nih.gov/articles/PMC7810439/	Abstract screened	NA	Discussion: informative missingness counterargument and transportability
L08	Robust prediction under missingness shifts	2024	10.48550/arXiv.2406.16484	Preprint	New candidate	High	Studies prediction robustness when missingness mechanisms change, including informative missingness.	Preprint; theory and experiments concern missingness shifts, not our observed zero-pattern mechanism directly.	https://arxiv.org/abs/2406.16484	Abstract screened	NA	Discussion: structural patterns and deployment shifts
L09	Characterizing and Avoiding Negative Transfer	2019	10.1109/CVPR.2019.01155	Conference paper	New candidate	High	Characterizes situations where transferring information from another domain harms target performance.	Computer-vision transfer setting differs from pooled tabular in-context learning; use as a conceptual analogy.	https://openaccess.thecvf.com/content_CVPR_2019/html/Wang_Characterizing_and_Avoiding_Negative_Transfer_CVPR_2019_paper.html	Abstract screened	NA	Discussion: pooled training reducing within-cancer discrimination
L10	Shortcut learning in deep neural networks	2020	10.1038/s42256-020-00257-z	Perspective	New candidate	High	Explains predictive rules that succeed on benchmarks but fail under changed conditions.	General framework cannot establish a specific attention or learning mechanism in our models.	https://doi.org/10.1038/s42256-020-00257-z	Abstract screened	NA	Introduction: shortcut framework; Discussion: bounded mechanistic interpretation
L11	Cell-of-Origin Patterns Dominate the Molecular Classification of 10,000 Tumors from 33 Types of Cancer	2018	10.1016/j.cell.2018.03.022	Journal article	New candidate	High	Shows strong cell-of-origin organization in large-scale pan-cancer molecular classification.	Cancer separability does not by itself demonstrate survival confounding or exclude shared prognostic signal.	https://doi.org/10.1016/j.cell.2018.03.022	Abstract screened	NA	Introduction: cohort molecular structure; Discussion: cancer identity from molecular profiles
L12	External validation of clinical prediction models using big datasets from e-health records or IPD meta-analysis: opportunities and challenges	2016	10.1136/bmj.i3140	Methodological article	New candidate	High	Discusses external validation and heterogeneity across populations and settings using large validation resources.	Does not substitute for completed external validation of our own models.	https://www.bmj.com/content/353/bmj.i3140	Abstract/source screened	NA	Discussion: external validation limits and target setting; Methods: validation rationale
L13	Batch Effect Confounding Leads to Strong Bias in Performance Estimates Obtained by Cross-Validation	2014	10.1371/journal.pone.0100335	Journal article	Existing bibliography	High	Demonstrates optimistic cross-validation estimates when batch structure and labels are confounded in genomic data.	Batch confounding study is not a matched quantitative control for our frozen folds.	https://pmc.ncbi.nlm.nih.gov/articles/PMC4072626/	Abstract screened; manuscript claim audit pending	soneson2014batch	Introduction: genomic confounding; Discussion: shortcut diagnostics
L14	Cross-study validation for the assessment of prediction algorithms	2014	10.1093/bioinformatics/btu279	Journal article	Existing bibliography	High	Uses validation across independent studies to assess performance beyond within-study cross-validation.	Cross-study methods do not establish that our historical held-out controls are leakage-safe.	https://doi.org/10.1093/bioinformatics/btu279	Existing entry; full claim audit pending	bernau2014crossstudy	Introduction: transportability; Discussion: cross-cohort validation
L15	Selection bias in gene extraction on the basis of microarray gene-expression data	2002	10.1073/pnas.102102699	Journal article	Existing bibliography	High	Shows that gene selection outside the resampling loop can bias estimates of prediction error.	Feature-selection leakage is distinct from cohort shortcuts; cannot infer its direction for every held-out analysis.	https://doi.org/10.1073/pnas.102102699	Existing entry; full claim audit pending	ambroise2002selection	Methods: train-only feature selection; Discussion: historical diagnostic limitations
L16	TabPFN-2.5: Advancing the State of the Art in Tabular Foundation Models	2025	10.48550/arXiv.2511.08667	Technical report/preprint	New candidate	High	Describes the next TabPFN generation, larger supported tables and benchmark comparisons with tuned baselines.	Developer report; native model capacity and implementation-specific CPU safeguards must be distinguished.	https://arxiv.org/abs/2511.08667	Abstract screened	NA	Methods: TabPFN v2.5 generation; Introduction: model development
L17	TabPFN-3: Technical Report	2026	10.48550/arXiv.2605.13986	Technical report/preprint	New candidate	High	Describes TabPFN-3 scaling, synthetic pretraining and reported accuracy/runtime advances.	Developer report; API variants, hardware and benchmark settings may differ from our local CPU checkpoint.	https://arxiv.org/abs/2605.13986	Abstract screened	NA	Methods: TabPFN v3 generation; Discussion: benchmark-to-biomedical transfer
L18	Accurate predictions on small data with a tabular foundation model	2025	10.1038/s41586-024-08328-6	Journal article	Existing bibliography	High	Reports strong small-data tabular performance from synthetic-data-pretrained TabPFN.	General tabular accuracy is not evidence of clinical calibration or cross-cancer transportability.	https://www.nature.com/articles/s41586-024-08328-6	Abstract/source screened; manuscript claim audit pending	hollmann2025accurate	Introduction: foundation-model promise; Methods: TabPFN v2; Discussion: independent comparison
L19	TabICL: A Tabular Foundation Model for In-Context Learning on Large Data	2025	NA	Conference paper	Existing bibliography	Medium	Introduces scalable in-context tabular learning for larger datasets.	Background model only, not an evaluated arm in this manuscript; conference DOI not verified.	https://proceedings.mlr.press/v267/qu25d.html	Existing entry; full claim audit pending	qu2025tabicl	Introduction: foundation-model landscape
L20	TabArena: A Living Benchmark for Machine Learning on Tabular Data	2025	10.48550/arXiv.2506.16791	Conference paper; arXiv identifier	Existing bibliography	High	Provides a reproducible tabular comparison framework encompassing tuning and ensembling choices.	Benchmark budgets differ from our 180-second AutoGluon evaluation; DOI identifies the arXiv version.	https://arxiv.org/abs/2506.16791	Abstract/source screened; manuscript claim audit pending	erickson2025tabarena	Introduction: benchmark fairness; Discussion: scope of comparative claims
L21	Why do tree-based models still outperform deep learning on typical tabular data?	2022	NA	Conference paper	Existing bibliography	High	Benchmarks tree and neural approaches and examines properties of typical medium-sized tabular datasets.	Predates newer TFM generations; cannot establish that modern foundation models are generally inferior.	https://arxiv.org/abs/2207.08815	Existing entry; full claim audit pending	grinsztajn2022tree	Introduction: strong classical baselines; Discussion: model-family comparisons
L22	Random Forests	2001	10.1023/A:1010933404324	Journal article	Existing bibliography	Medium	Introduces random forests and their prediction and generalization properties.	Algorithm source, not evidence for the strongest model in our cancer experiments.	https://doi.org/10.1023/A:1010933404324	Existing entry; full claim audit pending	breiman2001random	Methods: random forest; Introduction: classical learners
L23	XGBoost: A Scalable Tree Boosting System	2016	10.1145/2939672.2939785	Conference paper	Existing bibliography	Medium	Describes scalable regularized tree boosting and its systems implementation.	Does not justify our particular hyperparameters or clinical effectiveness.	https://doi.org/10.1145/2939672.2939785	Existing entry; full claim audit pending	chen2016xgboost	Methods: XGBoost; Introduction: classical learners
L24	LightGBM: A Highly Efficient Gradient Boosting Decision Tree	2017	NA	Conference paper	Existing bibliography	Medium	Introduces gradient-based sampling and feature bundling for efficient tree boosting.	Algorithm citation rather than a matched biomedical comparison; conference DOI not verified.	https://proceedings.neurips.cc/paper_files/paper/2017/hash/6449f44a102fde848669bdd9eb6b76fa-Abstract.html	Abstract screened; manuscript claim audit pending	ke2017lightgbm	Methods: LightGBM; Introduction: classical learners
L25	CatBoost: unbiased boosting with categorical features	2018	NA	Conference paper	Existing bibliography	Medium	Introduces ordered boosting and categorical-feature processing to address prediction shift.	Internal algorithmic leakage is distinct from feature-selection leakage in our evaluation.	https://proceedings.neurips.cc/paper/2018/hash/14491b756b3a51daac41c24863285549-Abstract.html	Abstract screened; manuscript claim audit pending	prokhorenkova2018catboost	Methods: CatBoost; Introduction: classical learners
L26	AutoGluon-Tabular: Robust and Accurate AutoML for Structured Data	2020	10.48550/arXiv.2003.06505	Preprint	Existing bibliography	Medium	Describes automated tabular learning with model ensembling and stacking.	Original paper does not document every feature of the installed modern release.	https://arxiv.org/abs/2003.06505	Existing entry; full claim audit pending	erickson2020autogluon	Methods: AutoGluon; Introduction: AutoML baseline
L27	Introducing TabFM: A zero-shot foundation model for tabular data	2026	NA	Official announcement; not a paper	Existing bibliography	High	Describes synthetic causal-data pretraining and the TabFM architecture for in-context tabular prediction.	Official developer source, not independent validation or a peer-reviewed technical report.	https://research.google/blog/introducing-tabfm-a-zero-shot-foundation-model-for-tabular-data/	Official source screened; claim audit pending	google2026tabfm	Introduction: TabFM design; Methods: model description
L28	TabFM: A Foundation Model for Tabular Data	2026	NA	Software repository; not a paper	Existing bibliography	High	Provides the official TabFM implementation and documentation.	Exact evaluated version requires the recorded commit or release; repository content can change.	https://github.com/google-research/tabfm	Official source screened; version audit pending	tabfmsoftware2026	Methods: TabFM software and implementation
L29	The Precision-Recall Plot Is More Informative than the ROC Plot When Evaluating Binary Classifiers on Imbalanced Datasets	2015	10.1371/journal.pone.0118432	Journal article	Existing bibliography	High	Explains the importance of precision-recall analysis under class imbalance.	PR performance depends on prevalence; do not rank endpoints solely by raw PR AUC.	https://doi.org/10.1371/journal.pone.0118432	Abstract/source screened; manuscript claim audit pending	saito2015precision	Methods: ROC and PR metrics; Discussion: prevalence-aware interpretation
L30	Calibration: the Achilles heel of predictive analytics	2019	10.1186/s12916-019-1466-7	Methodological article	Existing bibliography	High	Explains why calibration must be assessed separately from discrimination and how it matters for prediction.	Lower Brier score or log loss alone is not proof of calibration.	https://doi.org/10.1186/s12916-019-1466-7	Abstract/source screened; manuscript claim audit pending	van2019calibration	Methods: probabilistic assessment; Discussion: calibration limits
L31	Verification of forecasts expressed in terms of probability	1950	10.1175/1520-0493(1950)078<0001:VOFEIT>2.0.CO;2	Journal article	Existing bibliography	Medium	Introduces a squared-error score for probability forecasts.	Scoring-rule origin, not evidence of calibration or clinical usefulness in this cohort.	https://doi.org/10.1175/1520-0493(1950)078%3C0001:VOFEIT%3E2.0.CO;2	Existing entry; full claim audit pending	brier1950verification	Methods: Brier score
L32	Comprehensive molecular portraits of human breast tumours	2012	10.1038/nature11412	Journal article	Existing bibliography	Medium	Characterizes breast cancer across multiple molecular platforms and identifies subtype structure.	Dataset provenance citation does not verify our downloaded cohort counts or inclusion criteria.	https://www.nature.com/articles/nature11412	Existing entry; full claim audit pending	tcga2012brca	Results: cohort provenance; Methods: BRCA source
L33	Integrated genomic characterization of oesophageal carcinoma	2017	10.1038/nature20805	Journal article	Existing bibliography	Medium	Defines molecular patterns and distinctions within oesophageal carcinoma.	Biological cohort description is not a survival-prediction comparator.	https://www.nature.com/articles/nature20805	Existing entry; full claim audit pending	tcga2017esca	Results: cohort provenance; Methods: ESCA source
L34	Comprehensive genomic characterization of head and neck squamous cell carcinomas	2015	10.1038/nature14129	Journal article	Existing bibliography	Medium	Characterizes genomic alterations and molecular heterogeneity in head and neck cancer.	Does not establish prognostic accuracy of our models.	https://www.nature.com/articles/nature14129	Existing entry; full claim audit pending	tcga2015hnsc	Results: cohort provenance; Methods: HNSCC source
L35	Comprehensive genomic characterization of squamous cell lung cancers	2012	10.1038/nature11404	Journal article	Existing bibliography	Medium	Characterizes the genomic landscape of lung squamous carcinoma.	Use standard LUSC source naming even where our artifacts use LSCC.	https://www.nature.com/articles/nature11404	Existing entry; full claim audit pending	tcga2012lusc	Results: cohort provenance; Methods: LSCC/LUSC source
L36	Comprehensive molecular profiling of lung adenocarcinoma	2014	10.1038/nature13385	Journal article	Existing bibliography	Medium	Describes integrated molecular profiling of lung adenocarcinoma.	Provenance support only; local eligibility and feature selection come from our artifacts.	https://www.nature.com/articles/nature13385	Existing entry; full claim audit pending	tcga2014luad	Results: cohort provenance; Methods: LUAD source
L37	An Integrated TCGA Pan-Cancer Clinical Data Resource to Drive High-Quality Survival Outcome Analytics	2018	10.1016/j.cell.2018.02.052	Journal article	Existing bibliography	High	Curates TCGA clinical outcomes and provides guidance for choosing survival endpoints across cancers.	Our fixed-horizon exclusions must still be documented from the actual preprocessing.	https://doi.org/10.1016/j.cell.2018.02.052	Existing entry; full claim audit pending	liu2018clinical	Methods: clinical outcomes; Results: eligibility; Discussion: endpoint limitations
L38	Pan-cancer proteogenomics connects oncogenic drivers to functional states	2023	10.1016/j.cell.2023.07.014	Journal article	Existing bibliography	Medium	Integrates pan-cancer proteogenomic information to connect genomic drivers with functional molecular states.	Broad CPTAC context may need additional cohort-specific source papers in the full provenance audit.	https://doi.org/10.1016/j.cell.2023.07.014	Existing entry; full claim audit pending	li2023pancancer	Introduction: multiomics; Methods: CPTAC provenance
L39	TRIPOD+AI statement: updated guidance for reporting clinical prediction models that use regression or machine learning methods	2024	10.1136/bmj-2023-078378	Reporting guideline	Existing bibliography	High	Provides updated reporting guidance for clinical prediction-model studies using regression or machine learning.	Citing guidance does not demonstrate checklist compliance; keep applicability explicit.	https://www.bmj.com/content/385/bmj-2023-078378	Existing entry; full claim audit pending	tripodai2024	Methods: reporting; Supplement: reporting checklist
L40	PROBAST+AI: an updated quality, risk of bias, and applicability assessment tool for prediction models using regression or artificial intelligence methods	2025	10.1136/bmj-2024-082505	Assessment guideline	Existing bibliography	High	Provides an updated framework to assess prediction-model quality, risk of bias and applicability.	Not a certification of low risk of bias or clinical readiness.	https://www.bmj.com/content/388/bmj-2024-082505	Existing entry; full claim audit pending	probastai2024	Methods: risk of bias; Discussion: limitations; Supplement: assessment checklist
