experiment,dataset,endpoint,model_name,model_family,n_test,class_0_test,class_1_test,bootstrap_iterations,accuracy,accuracy_ci_low,accuracy_ci_high,balanced_accuracy,balanced_accuracy_ci_low,balanced_accuracy_ci_high,f1,f1_ci_low,f1_ci_high,sensitivity,sensitivity_ci_low,sensitivity_ci_high,specificity,specificity_ci_low,specificity_ci_high,roc_auc,roc_auc_ci_low,roc_auc_ci_high,pr_auc,pr_auc_ci_low,pr_auc_ci_high,log_loss,log_loss_ci_low,log_loss_ci_high,brier,brier_ci_low,brier_ci_high,prediction_path
per_cancer,BRCA_core_os_3yr_event_top100,os_3yr,tabpfn_v2,tabpfn,76,65,11,2000,0.8552631578947368,0.7763157894736842,0.9342105263157896,0.5,0.5,0.5,0.0,0.0,0.0,0.0,0.0,0.0,1.0,1.0,1.0,0.7216783216783217,0.5428521478521479,0.8643237920168065,0.3506835158305746,0.1431746359285422,0.6139918662418661,0.3835181535107945,0.2507499237037111,0.5388240659831834,0.1149129235354487,0.0639584340380499,0.1749042558831967,/home/prime/Documents/g3/tab-r1/cancer-os-exp/exp01_per_cancer_fixed_window/outputs_tabpfn/tabpfn/runs/brca_core_os_3yr_event_top100/20260705_040350/predictions/tabpfn_v2_predictions.csv
per_cancer,BRCA_core_os_3yr_event_top100,os_3yr,tabpfn_v2_5,tabpfn,76,65,11,2000,0.8552631578947368,0.7763157894736842,0.9342105263157896,0.5,0.5,0.5,0.0,0.0,0.0,0.0,0.0,0.0,1.0,1.0,1.0,0.641958041958042,0.4179672924440298,0.8538884132420091,0.3828504248980917,0.133037112338341,0.6557276598847833,0.3885430100247682,0.2504389759454878,0.5504880092760326,0.1157197399335055,0.0623565385726135,0.177559079619154,/home/prime/Documents/g3/tab-r1/cancer-os-exp/exp01_per_cancer_fixed_window/outputs_tabpfn/tabpfn/runs/brca_core_os_3yr_event_top100/20260705_040350/predictions/tabpfn_v2_5_predictions.csv
per_cancer,BRCA_core_os_3yr_event_top100,os_3yr,tabpfn_v2_6,tabpfn,76,65,11,2000,0.868421052631579,0.7894736842105263,0.9342105263157896,0.5454545454545454,0.5,0.65,0.1666666666666666,0.0,0.4615384615384615,0.0909090909090909,0.0,0.3,1.0,1.0,1.0,0.641958041958042,0.4283004036404771,0.8475608194622278,0.4254186654492099,0.143850911646123,0.7051266586870302,0.369430918699628,0.2340277292991064,0.5290865382658559,0.1090791756267045,0.0576966334593195,0.1689149598993757,/home/prime/Documents/g3/tab-r1/cancer-os-exp/exp01_per_cancer_fixed_window/outputs_tabpfn/tabpfn/runs/brca_core_os_3yr_event_top100/20260705_040350/predictions/tabpfn_v2_6_predictions.csv
per_cancer,BRCA_core_os_3yr_event_top100,os_3yr,tabpfn_v3,tabpfn,76,65,11,2000,0.868421052631579,0.7894736842105263,0.9342105263157896,0.5454545454545454,0.5,0.65,0.1666666666666666,0.0,0.4615384615384615,0.0909090909090909,0.0,0.3,1.0,1.0,1.0,0.5664335664335665,0.3648311238836871,0.7720336909467342,0.3082934531798168,0.1100345187308476,0.5864028319652357,0.3875920841930077,0.2587385762058114,0.5422890329782096,0.114178363751283,0.0651176416775504,0.1733193950425896,/home/prime/Documents/g3/tab-r1/cancer-os-exp/exp01_per_cancer_fixed_window/outputs_tabpfn/tabpfn/runs/brca_core_os_3yr_event_top100/20260705_040350/predictions/tabpfn_v3_predictions.csv
per_cancer,BRCA_core_os_5yr_event_top100,os_5yr,tabpfn_v2,tabpfn,53,38,15,2000,0.7169811320754716,0.5849056603773585,0.8301886792452831,0.5,0.5,0.5,0.0,0.0,0.0,0.0,0.0,0.0,1.0,1.0,1.0,0.6035087719298246,0.3992315347191508,0.7987925696594426,0.510796141389491,0.277664631860629,0.7375149514658027,0.5805018721074258,0.4605590921685458,0.7069485499805398,0.196246113436948,0.141169558923015,0.2546079471641981,/home/prime/Documents/g3/tab-r1/cancer-os-exp/exp01_per_cancer_fixed_window/outputs_tabpfn/tabpfn/runs/brca_core_os_5yr_event_top100/20260705_040410/predictions/tabpfn_v2_predictions.csv
per_cancer,BRCA_core_os_5yr_event_top100,os_5yr,tabpfn_v2_5,tabpfn,53,38,15,2000,0.7169811320754716,0.6037735849056604,0.8301886792452831,0.5,0.5,0.5,0.0,0.0,0.0,0.0,0.0,0.0,1.0,1.0,1.0,0.5947368421052631,0.3969440095583388,0.7753649609975827,0.4603339999514384,0.255607154005275,0.6871400300792161,0.5763073163261381,0.4633983486396418,0.6980158743670013,0.194176456204195,0.1427909756011029,0.2487154800769082,/home/prime/Documents/g3/tab-r1/cancer-os-exp/exp01_per_cancer_fixed_window/outputs_tabpfn/tabpfn/runs/brca_core_os_5yr_event_top100/20260705_040410/predictions/tabpfn_v2_5_predictions.csv
per_cancer,BRCA_core_os_5yr_event_top100,os_5yr,tabpfn_v2_6,tabpfn,53,38,15,2000,0.7358490566037735,0.6037735849056604,0.8490566037735849,0.5333333333333333,0.5,0.6111111111111112,0.125,0.0,0.3636363636363636,0.0666666666666666,0.0,0.2222222222222222,1.0,1.0,1.0,0.5464912280701755,0.3577135686129589,0.7353585946573752,0.3997149953009182,0.2098935173814193,0.6390870544213498,0.5828900666421812,0.4647725302578046,0.7113384754809561,0.1968554173807153,0.1434150209827894,0.2556019745877735,/home/prime/Documents/g3/tab-r1/cancer-os-exp/exp01_per_cancer_fixed_window/outputs_tabpfn/tabpfn/runs/brca_core_os_5yr_event_top100/20260705_040410/predictions/tabpfn_v2_6_predictions.csv
per_cancer,BRCA_core_os_5yr_event_top100,os_5yr,tabpfn_v3,tabpfn,53,38,15,2000,0.7358490566037735,0.6037735849056604,0.8490566037735849,0.5333333333333333,0.5,0.6072420634920629,0.125,0.0,0.3532085561497312,0.0666666666666666,0.0,0.2144841269841259,1.0,1.0,1.0,0.5842105263157894,0.4038194444444444,0.760074806949807,0.4359003021228085,0.243551980457205,0.6671340157051527,0.5718562160030575,0.4593227760808147,0.6986491022184182,0.1918952738063569,0.1405121564395541,0.2495078081775472,/home/prime/Documents/g3/tab-r1/cancer-os-exp/exp01_per_cancer_fixed_window/outputs_tabpfn/tabpfn/runs/brca_core_os_5yr_event_top100/20260705_040410/predictions/tabpfn_v3_predictions.csv
per_cancer,ESCA_core_os_3yr_event_top100,os_3yr,tabpfn_v2,tabpfn,13,3,10,2000,0.7692307692307693,0.5384615384615384,0.9230769230769232,0.5,0.5,0.5,0.8695652173913043,0.7,0.96,1.0,1.0,1.0,0.0,0.0,0.0,0.2333333333333333,0.0,0.6674999999999954,0.6677455877455878,0.4314124863232006,0.9627687127687128,0.5596449398442863,0.3241339042358906,0.9158872301676152,0.1835951596413448,0.0844273994677221,0.3331316931220732,/home/prime/Documents/g3/tab-r1/cancer-os-exp/exp01_per_cancer_fixed_window/outputs_tabpfn/tabpfn/runs/esca_core_os_3yr_event_top100/20260705_040419/predictions/tabpfn_v2_predictions.csv
per_cancer,ESCA_core_os_3yr_event_top100,os_3yr,tabpfn_v2_5,tabpfn,13,3,10,2000,0.7692307692307693,0.5384615384615384,0.9230769230769232,0.5,0.5,0.5,0.8695652173913043,0.7,0.96,1.0,1.0,1.0,0.0,0.0,0.0,0.2333333333333333,0.0,0.5833333333333334,0.6760789210789211,0.4241004828504829,0.951995354182854,0.5735894963418134,0.3242374185975747,0.9489903928847706,0.1877999829448428,0.0846981681508057,0.3426433859239978,/home/prime/Documents/g3/tab-r1/cancer-os-exp/exp01_per_cancer_fixed_window/outputs_tabpfn/tabpfn/runs/esca_core_os_3yr_event_top100/20260705_040419/predictions/tabpfn_v2_5_predictions.csv
per_cancer,ESCA_core_os_3yr_event_top100,os_3yr,tabpfn_v2_6,tabpfn,13,3,10,2000,0.7692307692307693,0.5384615384615384,0.9230769230769232,0.5,0.5,0.5,0.8695652173913043,0.7,0.96,1.0,1.0,1.0,0.0,0.0,0.0,0.4,0.0909090909090909,0.75,0.8077455877455877,0.5602728482936816,0.9639180264180264,0.578118475347994,0.3121102736361428,0.9680058968963288,0.1890789824147765,0.0818706679948036,0.3468095220992697,/home/prime/Documents/g3/tab-r1/cancer-os-exp/exp01_per_cancer_fixed_window/outputs_tabpfn/tabpfn/runs/esca_core_os_3yr_event_top100/20260705_040419/predictions/tabpfn_v2_6_predictions.csv
per_cancer,ESCA_core_os_3yr_event_top100,os_3yr,tabpfn_v3,tabpfn,13,3,10,2000,0.7692307692307693,0.5384615384615384,0.9230769230769232,0.5,0.5,0.5,0.8695652173913043,0.7,0.96,1.0,1.0,1.0,0.0,0.0,0.0,0.5333333333333333,0.0833333333333333,1.0,0.8072333222333222,0.5524387368583797,1.0,0.5507042481726806,0.3111202104630678,0.9062570551743386,0.1806552244114636,0.0805222306200077,0.3297787990023192,/home/prime/Documents/g3/tab-r1/cancer-os-exp/exp01_per_cancer_fixed_window/outputs_tabpfn/tabpfn/runs/esca_core_os_3yr_event_top100/20260705_040419/predictions/tabpfn_v3_predictions.csv
per_cancer,HNSCC_core_os_3yr_event_top100,os_3yr,tabpfn_v2,tabpfn,58,26,32,2000,0.5,0.3620689655172414,0.6379310344827587,0.4567307692307692,0.3868749999999999,0.5265151515151515,0.6588235294117647,0.5263157894736842,0.7659574468085106,0.875,0.75,0.9722222222222222,0.0384615384615384,0.0,0.125,0.4603365384615384,0.30644889208132,0.6127598039215685,0.5169114126282741,0.3878250803875983,0.7105895339726661,0.7066636655444822,0.6609266810560527,0.7539658972397724,0.2562096356632467,0.2339061333307806,0.2791970765971617,/home/prime/Documents/g3/tab-r1/cancer-os-exp/exp01_per_cancer_fixed_window/outputs_tabpfn/tabpfn/runs/hnscc_core_os_3yr_event_top100/20260705_040426/predictions/tabpfn_v2_predictions.csv
per_cancer,HNSCC_core_os_3yr_event_top100,os_3yr,tabpfn_v2_5,tabpfn,58,26,32,2000,0.5172413793103449,0.3793103448275862,0.6551724137931034,0.4831730769230769,0.3854527170316644,0.5797709627329193,0.65,0.5135135135135135,0.7619047619047619,0.8125,0.6666666666666666,0.9375,0.1538461538461538,0.0357142857142857,0.303030303030303,0.4513221153846153,0.3004659498207885,0.6118450934631203,0.5143064996832962,0.382285812231908,0.7055195338868011,0.7070820401161969,0.6651026877159484,0.7506606791400985,0.2564352755630895,0.2359116846382359,0.2777272868256203,/home/prime/Documents/g3/tab-r1/cancer-os-exp/exp01_per_cancer_fixed_window/outputs_tabpfn/tabpfn/runs/hnscc_core_os_3yr_event_top100/20260705_040426/predictions/tabpfn_v2_5_predictions.csv
per_cancer,HNSCC_core_os_3yr_event_top100,os_3yr,tabpfn_v2_6,tabpfn,58,26,32,2000,0.5344827586206896,0.396551724137931,0.6556034482758597,0.5024038461538461,0.4023574862637362,0.603448275862069,0.6582278481012658,0.5205479452054794,0.7710843373493976,0.8125,0.6666666666666666,0.935483870967742,0.1923076923076923,0.0525657894736842,0.3600909090909086,0.5264423076923077,0.3641775038819875,0.6798322536120571,0.5792166476740161,0.4305610919741108,0.7803777282590834,0.6899324556747326,0.6465400781907668,0.735250673561778,0.2482702846017624,0.2271331616392875,0.2703926155954081,/home/prime/Documents/g3/tab-r1/cancer-os-exp/exp01_per_cancer_fixed_window/outputs_tabpfn/tabpfn/runs/hnscc_core_os_3yr_event_top100/20260705_040426/predictions/tabpfn_v2_6_predictions.csv
per_cancer,HNSCC_core_os_3yr_event_top100,os_3yr,tabpfn_v3,tabpfn,58,26,32,2000,0.5689655172413793,0.4482758620689655,0.6896551724137931,0.5300480769230769,0.4447115384615384,0.6242575757575757,0.6987951807228916,0.5675675675675675,0.8,0.90625,0.7940922920892495,1.0,0.1538461538461538,0.0357142857142857,0.3158492822966504,0.4639423076923077,0.3058394642520279,0.6188725490196079,0.540294098788859,0.4043593551427696,0.741242657205537,0.6936236303549002,0.660148956835167,0.7262472062119766,0.2501854744587136,0.2336687603900507,0.2662819217793882,/home/prime/Documents/g3/tab-r1/cancer-os-exp/exp01_per_cancer_fixed_window/outputs_tabpfn/tabpfn/runs/hnscc_core_os_3yr_event_top100/20260705_040426/predictions/tabpfn_v3_predictions.csv
per_cancer,HNSCC_core_os_5yr_event_top100,os_5yr,tabpfn_v2,tabpfn,43,8,35,2000,0.813953488372093,0.6976744186046512,0.9302325581395348,0.5,0.5,0.5,0.8974358974358975,0.821917808219178,0.963855421686747,1.0,1.0,1.0,0.0,0.0,0.0,0.6857142857142857,0.4139784946236559,0.9166666666666669,0.8909967856707057,0.7630461258337979,0.987525972911924,0.4526557086824092,0.2997839165582789,0.6229119321021546,0.144486385337619,0.078892061933511,0.2151110977131244,/home/prime/Documents/g3/tab-r1/cancer-os-exp/exp01_per_cancer_fixed_window/outputs_tabpfn/tabpfn/runs/hnscc_core_os_5yr_event_top100/20260705_040436/predictions/tabpfn_v2_predictions.csv
per_cancer,HNSCC_core_os_5yr_event_top100,os_5yr,tabpfn_v2_5,tabpfn,43,8,35,2000,0.813953488372093,0.6976744186046512,0.9302325581395348,0.5,0.5,0.5,0.8974358974358975,0.821917808219178,0.963855421686747,1.0,1.0,1.0,0.0,0.0,0.0,0.6285714285714286,0.3785666023166023,0.8537134695671278,0.8790257406978235,0.7492682517220279,0.981979117499202,0.4653041827973818,0.3016996431672588,0.6390560489120122,0.1479463442336167,0.0806504760948953,0.2206801788713042,/home/prime/Documents/g3/tab-r1/cancer-os-exp/exp01_per_cancer_fixed_window/outputs_tabpfn/tabpfn/runs/hnscc_core_os_5yr_event_top100/20260705_040436/predictions/tabpfn_v2_5_predictions.csv
per_cancer,HNSCC_core_os_5yr_event_top100,os_5yr,tabpfn_v2_6,tabpfn,43,8,35,2000,0.813953488372093,0.6976744186046512,0.9069767441860463,0.5,0.5,0.5,0.8974358974358975,0.821917808219178,0.951219512195122,1.0,1.0,1.0,0.0,0.0,0.0,0.65,0.4019342872284049,0.866096979332273,0.8864089792310756,0.7683434601992526,0.9814480460987884,0.4517883010043027,0.3060352787220382,0.6164076290835203,0.1453841929129212,0.0849273728504735,0.2147984355311022,/home/prime/Documents/g3/tab-r1/cancer-os-exp/exp01_per_cancer_fixed_window/outputs_tabpfn/tabpfn/runs/hnscc_core_os_5yr_event_top100/20260705_040436/predictions/tabpfn_v2_6_predictions.csv
per_cancer,HNSCC_core_os_5yr_event_top100,os_5yr,tabpfn_v3,tabpfn,43,8,35,2000,0.813953488372093,0.6976744186046512,0.9302325581395348,0.5,0.5,0.5,0.8974358974358975,0.821917808219178,0.963855421686747,1.0,1.0,1.0,0.0,0.0,0.0,0.625,0.3928571428571429,0.8399091343854613,0.8846549673615665,0.7717227809397315,0.9743519100080734,0.46092168934837,0.3066598244382343,0.6294308276936599,0.149360790466364,0.0830412109121224,0.2204330441195673,/home/prime/Documents/g3/tab-r1/cancer-os-exp/exp01_per_cancer_fixed_window/outputs_tabpfn/tabpfn/runs/hnscc_core_os_5yr_event_top100/20260705_040436/predictions/tabpfn_v3_predictions.csv
per_cancer,LSCC_core_os_3yr_event_top100,os_3yr,tabpfn_v2,tabpfn,54,28,26,2000,0.4259259259259259,0.2958333333333333,0.5555555555555556,0.4258241758241758,0.2833333333333333,0.5606060606060606,0.4150943396226415,0.2448979591836734,0.5769230769230769,0.4230769230769231,0.2333333333333333,0.625,0.4285714285714285,0.2413448275862069,0.6129032258064516,0.4464285714285715,0.2848249521072797,0.6124846347068569,0.4768783187162678,0.3244999783675836,0.6665099663064262,0.710447025374974,0.6639271773762633,0.7576476212097742,0.2586881588343026,0.2360419945726478,0.2815893842877816,/home/prime/Documents/g3/tab-r1/cancer-os-exp/exp01_per_cancer_fixed_window/outputs_tabpfn/tabpfn/runs/lscc_core_os_3yr_event_top100/20260705_040445/predictions/tabpfn_v2_predictions.csv
per_cancer,LSCC_core_os_3yr_event_top100,os_3yr,tabpfn_v2_5,tabpfn,54,28,26,2000,0.4629629629629629,0.3333333333333333,0.5925925925925926,0.4629120879120879,0.329653624800503,0.593424369747899,0.4528301886792453,0.2727272727272727,0.6071428571428571,0.4615384615384615,0.2726398601398601,0.6521739130434783,0.4642857142857143,0.2727272727272727,0.6451612903225806,0.4711538461538461,0.3090181075936686,0.622724608129861,0.5001334199719464,0.3566907470261031,0.683865848203803,0.711332753053813,0.6612660414627716,0.760035864048306,0.2590617061513414,0.2350408399284759,0.2826612196640419,/home/prime/Documents/g3/tab-r1/cancer-os-exp/exp01_per_cancer_fixed_window/outputs_tabpfn/tabpfn/runs/lscc_core_os_3yr_event_top100/20260705_040445/predictions/tabpfn_v2_5_predictions.csv
per_cancer,LSCC_core_os_3yr_event_top100,os_3yr,tabpfn_v2_6,tabpfn,54,28,26,2000,0.4814814814814814,0.3518518518518518,0.6296296296296297,0.4835164835164834,0.3465867254239448,0.6275862068965516,0.5,0.3254418604651163,0.65625,0.5384615384615384,0.3434895833333333,0.75,0.4285714285714285,0.25,0.6207974137931028,0.467032967032967,0.3053864104645354,0.6349299719887954,0.475690621927151,0.3322453689997513,0.6726392509087668,0.7140400418008029,0.6506679461880844,0.7770512845661416,0.2604236620813988,0.2300055640291875,0.2908063729382631,/home/prime/Documents/g3/tab-r1/cancer-os-exp/exp01_per_cancer_fixed_window/outputs_tabpfn/tabpfn/runs/lscc_core_os_3yr_event_top100/20260705_040445/predictions/tabpfn_v2_6_predictions.csv
per_cancer,LSCC_core_os_3yr_event_top100,os_3yr,tabpfn_v3,tabpfn,54,28,26,2000,0.4259259259259259,0.2962962962962963,0.5555555555555556,0.4244505494505495,0.2923965759055956,0.5541861263736263,0.392156862745098,0.2127659574468085,0.5454545454545454,0.3846153846153846,0.2,0.5715367965367959,0.4642857142857143,0.2726658476658476,0.6471867007672628,0.478021978021978,0.3117731877497502,0.6319768772893771,0.4863599095027069,0.341395006367386,0.6679577315751501,0.7039845599520047,0.6685642027350357,0.7427195134303952,0.2553878445888519,0.2378758024674127,0.2745612504740918,/home/prime/Documents/g3/tab-r1/cancer-os-exp/exp01_per_cancer_fixed_window/outputs_tabpfn/tabpfn/runs/lscc_core_os_3yr_event_top100/20260705_040445/predictions/tabpfn_v3_predictions.csv
per_cancer,LSCC_core_os_5yr_event_top100,os_5yr,tabpfn_v2,tabpfn,43,13,30,2000,0.6976744186046512,0.5581395348837209,0.8372093023255814,0.5,0.5,0.5,0.821917808219178,0.7164179104477612,0.9113924050632912,1.0,1.0,1.0,0.0,0.0,0.0,0.5987179487179487,0.4305443548387097,0.7621386946386947,0.8211883708025894,0.6792073903555734,0.9297661363595474,0.5955817463499944,0.4818013297271309,0.7226435388383271,0.2074025166893456,0.1545700998312643,0.2659890458692195,/home/prime/Documents/g3/tab-r1/cancer-os-exp/exp01_per_cancer_fixed_window/outputs_tabpfn/tabpfn/runs/lscc_core_os_5yr_event_top100/20260705_040455/predictions/tabpfn_v2_predictions.csv
per_cancer,LSCC_core_os_5yr_event_top100,os_5yr,tabpfn_v2_5,tabpfn,43,13,30,2000,0.6976744186046512,0.5581395348837209,0.8372093023255814,0.5,0.5,0.5,0.821917808219178,0.7164179104477612,0.9113924050632912,1.0,1.0,1.0,0.0,0.0,0.0,0.5858974358974359,0.4097064393939393,0.7557091503267971,0.8209711724858423,0.6893292100029521,0.922782896916637,0.5959691090109346,0.4775158345249475,0.7270590414406014,0.206875786036559,0.1510266673602185,0.2671899065850212,/home/prime/Documents/g3/tab-r1/cancer-os-exp/exp01_per_cancer_fixed_window/outputs_tabpfn/tabpfn/runs/lscc_core_os_5yr_event_top100/20260705_040455/predictions/tabpfn_v2_5_predictions.csv
per_cancer,LSCC_core_os_5yr_event_top100,os_5yr,tabpfn_v2_6,tabpfn,43,13,30,2000,0.627906976744186,0.4883720930232558,0.7674418604651163,0.45,0.3888888888888889,0.5,0.7714285714285715,0.65625,0.868421052631579,0.9,0.7777777777777778,1.0,0.0,0.0,0.0,0.5333333333333333,0.3428463203463203,0.7149754901960782,0.7834961613032212,0.6267418726327223,0.906701116747028,0.6180309945602313,0.4750262506879827,0.7651757325913567,0.2197657046577643,0.1584701488760629,0.2839451643866377,/home/prime/Documents/g3/tab-r1/cancer-os-exp/exp01_per_cancer_fixed_window/outputs_tabpfn/tabpfn/runs/lscc_core_os_5yr_event_top100/20260705_040455/predictions/tabpfn_v2_6_predictions.csv
per_cancer,LSCC_core_os_5yr_event_top100,os_5yr,tabpfn_v3,tabpfn,43,13,30,2000,0.6976744186046512,0.5581395348837209,0.8372093023255814,0.5,0.5,0.5,0.821917808219178,0.7164179104477612,0.9113924050632912,1.0,1.0,1.0,0.0,0.0,0.0,0.6282051282051282,0.459517614738203,0.782282893691403,0.851848719217795,0.7305036741344066,0.9389643524253783,0.5938028022640615,0.4710921195367922,0.7270221601456717,0.2058664102263019,0.1491433306406658,0.2666281628078024,/home/prime/Documents/g3/tab-r1/cancer-os-exp/exp01_per_cancer_fixed_window/outputs_tabpfn/tabpfn/runs/lscc_core_os_5yr_event_top100/20260705_040455/predictions/tabpfn_v3_predictions.csv
per_cancer,LUAD_core_os_3yr_event_top100,os_3yr,tabpfn_v2,tabpfn,48,24,24,2000,0.5,0.3541666666666667,0.6458333333333334,0.5,0.4444444444444444,0.5567331932773109,0.0769230769230769,0.0,0.24,0.0416666666666666,0.0,0.1379310344827586,0.9583333333333334,0.8636363636363636,1.0,0.5104166666666667,0.3448268260049869,0.6878692142179452,0.53914410382499,0.3727518116558346,0.737170132509814,0.6920146353876037,0.6851425429090272,0.6986444614361168,0.2494347904610111,0.2459985002645657,0.252748212059864,/home/prime/Documents/g3/tab-r1/cancer-os-exp/exp01_per_cancer_fixed_window/outputs_tabpfn/tabpfn/runs/luad_core_os_3yr_event_top100/20260705_040505/predictions/tabpfn_v2_predictions.csv
per_cancer,LUAD_core_os_3yr_event_top100,os_3yr,tabpfn_v2_5,tabpfn,48,24,24,2000,0.5,0.3541666666666667,0.6458333333333334,0.5,0.4074074074074074,0.5891639610389611,0.2,0.0,0.3870967741935484,0.125,0.0,0.2692307692307692,0.875,0.7307692307692307,1.0,0.4713541666666667,0.3048863726031721,0.63125,0.5183612193710103,0.3494410874985472,0.7174538830814049,0.693475065737522,0.6867158764797667,0.7002492527835711,0.2501658728239929,0.2467877771483838,0.2535480561172106,/home/prime/Documents/g3/tab-r1/cancer-os-exp/exp01_per_cancer_fixed_window/outputs_tabpfn/tabpfn/runs/luad_core_os_3yr_event_top100/20260705_040505/predictions/tabpfn_v2_5_predictions.csv
per_cancer,LUAD_core_os_3yr_event_top100,os_3yr,tabpfn_v2_6,tabpfn,48,24,24,2000,0.4791666666666667,0.3333333333333333,0.625,0.4791666666666666,0.3333333333333333,0.625021853146853,0.4680851063829787,0.2666666666666666,0.6296296296296297,0.4583333333333333,0.2608695652173913,0.6538461538461539,0.5,0.3043478260869565,0.7083333333333334,0.4678819444444445,0.2962772817460317,0.6302514229597562,0.5229641114683754,0.3516752042264042,0.7325280197625834,0.7006568818801968,0.6843453895904166,0.7184973726925286,0.2537182599861549,0.2456071290948853,0.2625906444825218,/home/prime/Documents/g3/tab-r1/cancer-os-exp/exp01_per_cancer_fixed_window/outputs_tabpfn/tabpfn/runs/luad_core_os_3yr_event_top100/20260705_040505/predictions/tabpfn_v2_6_predictions.csv
per_cancer,LUAD_core_os_3yr_event_top100,os_3yr,tabpfn_v3,tabpfn,48,24,24,2000,0.4583333333333333,0.3125,0.6041666666666666,0.4583333333333333,0.3544890873015873,0.5625,0.1875,0.0,0.3636363636363636,0.125,0.0,0.2727272727272727,0.7916666666666666,0.6153846153846154,0.9523809523809524,0.4583333333333333,0.2839285714285715,0.6276442307692306,0.5011761954887006,0.3384525149346676,0.6999989643999617,0.6935198965796857,0.6865457301809628,0.7001301947077956,0.2501883587891446,0.2467072457021084,0.2534904977141146,/home/prime/Documents/g3/tab-r1/cancer-os-exp/exp01_per_cancer_fixed_window/outputs_tabpfn/tabpfn/runs/luad_core_os_3yr_event_top100/20260705_040505/predictions/tabpfn_v3_predictions.csv
per_cancer,LUAD_core_os_5yr_event_top100,os_5yr,tabpfn_v2,tabpfn,38,9,29,2000,0.7631578947368421,0.631578947368421,0.8947368421052632,0.5,0.5,0.5,0.8656716417910447,0.7741935483870968,0.9444444444444444,1.0,1.0,1.0,0.0,0.0,0.0,0.4291187739463601,0.25,0.6061334498834495,0.8002779542825941,0.6498199149570413,0.9263564250265628,0.5576249996103178,0.3748793960252932,0.7535679384774834,0.1844016860884048,0.1056328587281289,0.2674184743523669,/home/prime/Documents/g3/tab-r1/cancer-os-exp/exp01_per_cancer_fixed_window/outputs_tabpfn/tabpfn/runs/luad_core_os_5yr_event_top100/20260705_040515/predictions/tabpfn_v2_predictions.csv
per_cancer,LUAD_core_os_5yr_event_top100,os_5yr,tabpfn_v2_5,tabpfn,38,9,29,2000,0.7631578947368421,0.631578947368421,0.8947368421052632,0.5,0.5,0.5,0.8656716417910447,0.7741935483870968,0.9444444444444444,1.0,1.0,1.0,0.0,0.0,0.0,0.4674329501915709,0.2819940476190476,0.6416964285714284,0.8326101975860544,0.6964448669030491,0.933929853798502,0.5554521041114561,0.3753969443429151,0.7468710675943246,0.1845272630894269,0.1065191240985666,0.2661270259585647,/home/prime/Documents/g3/tab-r1/cancer-os-exp/exp01_per_cancer_fixed_window/outputs_tabpfn/tabpfn/runs/luad_core_os_5yr_event_top100/20260705_040515/predictions/tabpfn_v2_5_predictions.csv
per_cancer,LUAD_core_os_5yr_event_top100,os_5yr,tabpfn_v2_6,tabpfn,38,9,29,2000,0.7631578947368421,0.631578947368421,0.8947368421052632,0.5,0.5,0.5,0.8656716417910447,0.7741935483870968,0.9444444444444444,1.0,1.0,1.0,0.0,0.0,0.0,0.4827586206896552,0.3076811594202899,0.6510491499042146,0.8332057409595102,0.6995168997332325,0.9335613852249516,0.5715872048417875,0.3879068649494498,0.7702420092915575,0.1906310709285792,0.1122180500762567,0.2749228792637206,/home/prime/Documents/g3/tab-r1/cancer-os-exp/exp01_per_cancer_fixed_window/outputs_tabpfn/tabpfn/runs/luad_core_os_5yr_event_top100/20260705_040515/predictions/tabpfn_v2_6_predictions.csv
per_cancer,LUAD_core_os_5yr_event_top100,os_5yr,tabpfn_v3,tabpfn,38,9,29,2000,0.7631578947368421,0.631578947368421,0.8947368421052632,0.5,0.5,0.5,0.8656716417910447,0.7741935483870968,0.9444444444444444,1.0,1.0,1.0,0.0,0.0,0.0,0.5402298850574713,0.3486125624056658,0.7188940092165899,0.8525415235725631,0.7370742365533478,0.943054241586008,0.5520762846034617,0.379964172150202,0.736866494001094,0.1823816518269503,0.107010309196254,0.2622347361604297,/home/prime/Documents/g3/tab-r1/cancer-os-exp/exp01_per_cancer_fixed_window/outputs_tabpfn/tabpfn/runs/luad_core_os_5yr_event_top100/20260705_040515/predictions/tabpfn_v3_predictions.csv
per_cancer,BRCA_core_os_3yr_event_top100,os_3yr,tabfm_default,tabfm,76,65,11,2000,0.868421052631579,0.7894736842105263,0.9473684210526316,0.5454545454545454,0.5,0.65,0.1666666666666666,0.0,0.4615384615384615,0.0909090909090909,0.0,0.3,1.0,1.0,1.0,0.5909090909090908,0.3632255389718076,0.8022809807653777,0.3590335583666514,0.115064548193444,0.6345104210252515,0.3820240950304425,0.2455049115765992,0.543805760470235,0.1122914433867886,0.060653738353421,0.1718179326230336,/home/prime/Documents/g3/tab-r1/cancer-os-exp/exp01_per_cancer_fixed_window/outputs_tabfm_pytorch/tabfm/runs/brca_core_os_3yr_event_top100/20260705_040534/predictions/tabfm_default_predictions.csv
per_cancer,BRCA_core_os_5yr_event_top100,os_5yr,tabfm_default,tabfm,53,38,15,2000,0.7547169811320755,0.6415094339622641,0.8679245283018868,0.5666666666666667,0.5,0.6666666666666666,0.2352941176470588,0.0,0.5,0.1333333333333333,0.0,0.3333333333333333,1.0,1.0,1.0,0.5456140350877193,0.3604869754623044,0.7307407983641534,0.4102827274960743,0.2077190806823138,0.6381001477908707,0.5693185722545161,0.4504155659813509,0.6929626255453364,0.1908818510041115,0.1368316685005888,0.2479980104154105,/home/prime/Documents/g3/tab-r1/cancer-os-exp/exp01_per_cancer_fixed_window/outputs_tabfm_pytorch/tabfm/runs/brca_core_os_5yr_event_top100/20260705_040658/predictions/tabfm_default_predictions.csv
per_cancer,ESCA_core_os_3yr_event_top100,os_3yr,tabfm_default,tabfm,13,3,10,2000,0.7692307692307693,0.5384615384615384,0.9230769230769232,0.5,0.5,0.5,0.8695652173913043,0.7,0.96,1.0,1.0,1.0,0.0,0.0,0.0,0.5666666666666667,0.1941287878787878,0.9090909090909092,0.8611294261294261,0.6286644489769488,0.9866452991452992,0.7137154608421264,0.2534757239560715,1.4192249969368889,0.2081805458500773,0.0695904406062235,0.4175223542636608,/home/prime/Documents/g3/tab-r1/cancer-os-exp/exp01_per_cancer_fixed_window/outputs_tabfm_pytorch/tabfm/runs/esca_core_os_3yr_event_top100/20260705_040745/predictions/tabfm_default_predictions.csv
per_cancer,HNSCC_core_os_3yr_event_top100,os_3yr,tabfm_default,tabfm,58,26,32,2000,0.5172413793103449,0.396551724137931,0.6379310344827587,0.4759615384615384,0.4031760620915032,0.5600083632019116,0.6666666666666666,0.5405405405405406,0.7692307692307693,0.875,0.7575552825552826,0.9714285714285714,0.0769230769230769,0.0,0.2,0.4471153846153846,0.297340367965368,0.6057476478494622,0.5041713851102818,0.3761264268041318,0.6919687802981429,0.699743749432984,0.6768275837708826,0.7243584610237179,0.253235845683862,0.2418531263494235,0.2654749591930969,/home/prime/Documents/g3/tab-r1/cancer-os-exp/exp01_per_cancer_fixed_window/outputs_tabfm_pytorch/tabfm/runs/hnscc_core_os_3yr_event_top100/20260705_040803/predictions/tabfm_default_predictions.csv
per_cancer,HNSCC_core_os_5yr_event_top100,os_5yr,tabfm_default,tabfm,43,8,35,2000,0.7906976744186046,0.6511627906976745,0.9069767441860463,0.4857142857142857,0.453125,0.5,0.8831168831168831,0.7887323943661971,0.951219512195122,0.9714285714285714,0.90625,1.0,0.0,0.0,0.0,0.5910714285714286,0.3636228354978355,0.8232221638655461,0.8697463935071257,0.7418307550887968,0.972143745427558,0.4757031678944705,0.3179758988800081,0.6496953214269673,0.1548509506224132,0.0910465403543504,0.2265533436451047,/home/prime/Documents/g3/tab-r1/cancer-os-exp/exp01_per_cancer_fixed_window/outputs_tabfm_pytorch/tabfm/runs/hnscc_core_os_5yr_event_top100/20260705_040854/predictions/tabfm_default_predictions.csv
per_cancer,LSCC_core_os_3yr_event_top100,os_3yr,tabfm_default,tabfm,54,28,26,2000,0.5185185185185185,0.3888888888888889,0.6481481481481481,0.5206043956043955,0.3852853442513368,0.6497321428571428,0.5357142857142857,0.36,0.6875256147540982,0.5769230769230769,0.3846153846153846,0.7666666666666667,0.4642857142857143,0.28,0.6521739130434783,0.4910714285714286,0.3268285533910534,0.650008620689655,0.5279424084287053,0.3677131297214941,0.7010711656186296,0.7113295946100672,0.654826719108548,0.7661764556323931,0.2589186821623441,0.2316312726263597,0.2854864714968411,/home/prime/Documents/g3/tab-r1/cancer-os-exp/exp01_per_cancer_fixed_window/outputs_tabfm_pytorch/tabfm/runs/lscc_core_os_3yr_event_top100/20260705_040935/predictions/tabfm_default_predictions.csv
per_cancer,LSCC_core_os_5yr_event_top100,os_5yr,tabfm_default,tabfm,43,13,30,2000,0.6976744186046512,0.5581395348837209,0.8372093023255814,0.5217948717948718,0.453125,0.6154761904761905,0.8169014084507042,0.7,0.9090909090909092,0.9666666666666668,0.8928571428571429,1.0,0.0769230769230769,0.0,0.25,0.641025641025641,0.467373188405797,0.8076944444444445,0.830563568115639,0.6847182774989815,0.9428784800101888,0.5900408143829573,0.4537168227925685,0.7326897095470356,0.2055883188396804,0.1453100196071907,0.2681117150518581,/home/prime/Documents/g3/tab-r1/cancer-os-exp/exp01_per_cancer_fixed_window/outputs_tabfm_pytorch/tabfm/runs/lscc_core_os_5yr_event_top100/20260705_041022/predictions/tabfm_default_predictions.csv
per_cancer,LUAD_core_os_3yr_event_top100,os_3yr,tabfm_default,tabfm,48,24,24,2000,0.4583333333333333,0.3333333333333333,0.6041666666666666,0.4583333333333333,0.3212250059180936,0.5944444444444444,0.5,0.3181818181818182,0.6440951339529796,0.5416666666666666,0.3333333333333333,0.7368421052631579,0.375,0.1818181818181818,0.5714285714285714,0.4522569444444444,0.2902076318742985,0.6191897613256305,0.5009909201902198,0.3317486029548055,0.7145112189090244,0.7937253816041409,0.6746565548740694,0.944243105917976,0.2874527017035259,0.2441948823171429,0.3356685535082315,/home/prime/Documents/g3/tab-r1/cancer-os-exp/exp01_per_cancer_fixed_window/outputs_tabfm_pytorch/tabfm/runs/luad_core_os_3yr_event_top100/20260705_041101/predictions/tabfm_default_predictions.csv
per_cancer,LUAD_core_os_5yr_event_top100,os_5yr,tabfm_default,tabfm,38,9,29,2000,0.7631578947368421,0.631578947368421,0.8947368421052632,0.5383141762452107,0.4516129032258064,0.6708333333333334,0.8615384615384616,0.7540983606557377,0.9428571428571428,0.9655172413793104,0.8846153846153846,1.0,0.1111111111111111,0.0,0.375,0.5134099616858238,0.2693602693602693,0.7643830446527886,0.7681601044331805,0.6092954768253193,0.9435424286101984,0.5444506210939174,0.3729448623668612,0.746091681800418,0.1781435061998368,0.1050970388724764,0.2645566388246741,/home/prime/Documents/g3/tab-r1/cancer-os-exp/exp01_per_cancer_fixed_window/outputs_tabfm_pytorch/tabfm/runs/luad_core_os_5yr_event_top100/20260705_041144/predictions/tabfm_default_predictions.csv
pooled_fixed,ALL_core_os_3yr_event_top94_no_cancer_feature,os_3yr,tabpfn_v2,tabpfn,247,145,102,2000,0.6396761133603239,0.5748987854251012,0.6963562753036437,0.6276876267748479,0.5640981054583996,0.6863162159149075,0.5615763546798029,0.4742054535472457,0.6359551738583996,0.5588235294117647,0.4594525648097077,0.6442307692307693,0.696551724137931,0.6214285714285714,0.7703859202714164,0.7283299526707235,0.6642653194146964,0.7886602603482838,0.6316079952377417,0.5349241702930772,0.7271471249529083,0.5700497376985293,0.524140756034846,0.6167030462491251,0.1953292020200713,0.1761681388048559,0.2145004799610451,/home/prime/Documents/g3/tab-r1/cancer-os-exp/exp02_combined_fixed_window/outputs_tabpfn/tabpfn/runs/all_core_os_3yr_event_top94_no_cancer_feature/20260705_041239/predictions/tabpfn_v2_predictions.csv
pooled_fixed,ALL_core_os_3yr_event_top94_no_cancer_feature,os_3yr,tabpfn_v2_5,tabpfn,247,145,102,2000,0.6761133603238867,0.6153846153846154,0.7327935222672065,0.6514536849222448,0.5934128864556496,0.7112082504636505,0.5652173913043478,0.474989406779661,0.6470659278204035,0.5098039215686274,0.4150773414924358,0.6095357142857143,0.7931034482758621,0.7266039223415788,0.8582089552238806,0.7427315753887762,0.6797312062937063,0.8027217158050822,0.6522562553521387,0.5571105137496923,0.7453037863799844,0.5658191683847892,0.519558540844941,0.611766423733704,0.1935133290693592,0.174629271781679,0.2126191311655361,/home/prime/Documents/g3/tab-r1/cancer-os-exp/exp02_combined_fixed_window/outputs_tabpfn/tabpfn/runs/all_core_os_3yr_event_top94_no_cancer_feature/20260705_041239/predictions/tabpfn_v2_5_predictions.csv
pooled_fixed,ALL_core_os_3yr_event_top94_no_cancer_feature,os_3yr,tabpfn_v2_6,tabpfn,247,145,102,2000,0.6477732793522267,0.5870445344129555,0.708502024291498,0.6360378634212305,0.5753425674356198,0.6967093278225855,0.5714285714285714,0.4848484848484848,0.6486546546546547,0.5686274509803921,0.4782608695652174,0.6666666666666666,0.7034482758620689,0.6277334507928518,0.7769256756756757,0.7357674104124408,0.6743377585593081,0.7984420054504855,0.6480301003908088,0.5586172808331549,0.7389313479674995,0.5680494524614318,0.5203047339055055,0.6158027695778937,0.1944068292537258,0.1747802855329542,0.2142549923397143,/home/prime/Documents/g3/tab-r1/cancer-os-exp/exp02_combined_fixed_window/outputs_tabpfn/tabpfn/runs/all_core_os_3yr_event_top94_no_cancer_feature/20260705_041239/predictions/tabpfn_v2_6_predictions.csv
pooled_fixed,ALL_core_os_3yr_event_top94_no_cancer_feature,os_3yr,tabpfn_v3,tabpfn,247,145,102,2000,0.6396761133603239,0.5789473684210527,0.7004048582995951,0.6276876267748479,0.5631165804111677,0.6885989227660056,0.5615763546798029,0.4712029299234797,0.6372575953458306,0.5588235294117647,0.4555555555555555,0.6565800865800865,0.696551724137931,0.620683362698213,0.7686710677382318,0.730764029749831,0.665062624691246,0.7917525704453204,0.6352442642792991,0.5391630716735166,0.7306873293483452,0.5678559645105314,0.5230417648857495,0.6133601285480483,0.1944029353110324,0.1755341517039408,0.2127656120129715,/home/prime/Documents/g3/tab-r1/cancer-os-exp/exp02_combined_fixed_window/outputs_tabpfn/tabpfn/runs/all_core_os_3yr_event_top94_no_cancer_feature/20260705_041239/predictions/tabpfn_v3_predictions.csv
pooled_fixed,ALL_core_os_5yr_event_top75_no_cancer_feature,os_5yr,tabpfn_v2,tabpfn,176,67,109,2000,0.7159090909090909,0.6477272727272727,0.7840909090909091,0.6786252225112968,0.6091461916461917,0.750833553810287,0.7844827586206896,0.7219389687047555,0.8403577740108918,0.8348623853211009,0.7575684024713151,0.9026613111092018,0.5223880597014925,0.4067664194915255,0.6451612903225806,0.713268519786389,0.6354905591478678,0.790679457675823,0.7667335228613306,0.6812484120071842,0.8570647938586071,0.5997049414557538,0.5195836414985225,0.6825300550296152,0.2036788321482771,0.1686233436376568,0.2385875930075382,/home/prime/Documents/g3/tab-r1/cancer-os-exp/exp02_combined_fixed_window/outputs_tabpfn/tabpfn/runs/all_core_os_5yr_event_top75_no_cancer_feature/20260705_041312/predictions/tabpfn_v2_predictions.csv
pooled_fixed,ALL_core_os_5yr_event_top75_no_cancer_feature,os_5yr,tabpfn_v2_5,tabpfn,176,67,109,2000,0.7159090909090909,0.6477272727272727,0.7840909090909091,0.6786252225112968,0.6102037971627619,0.7459145517157759,0.7844827586206896,0.724887825007011,0.8421156237049315,0.8348623853211009,0.7636363636363637,0.898992215735335,0.5223880597014925,0.4,0.6440677966101694,0.6971792414076408,0.6146687216965706,0.7751828819136736,0.7547765004235127,0.6679031581149272,0.8474325433719909,0.601155660946786,0.5233189866950608,0.6774423522644974,0.2041424948113284,0.1704174903771942,0.2374459465953089,/home/prime/Documents/g3/tab-r1/cancer-os-exp/exp02_combined_fixed_window/outputs_tabpfn/tabpfn/runs/all_core_os_5yr_event_top75_no_cancer_feature/20260705_041312/predictions/tabpfn_v2_5_predictions.csv
pooled_fixed,ALL_core_os_5yr_event_top75_no_cancer_feature,os_5yr,tabpfn_v2_6,tabpfn,176,67,109,2000,0.7159090909090909,0.6477272727272727,0.7784090909090909,0.6786252225112968,0.608431486983588,0.7449845347131916,0.7844827586206896,0.7221955128205129,0.8370142545037784,0.8348623853211009,0.7622853239656517,0.8991055045871559,0.5223880597014925,0.4027083333333333,0.6389002732240436,0.6951937559906888,0.6100899363884117,0.7740172890412651,0.7636677775093916,0.6740672645954754,0.8478841505168673,0.6002799008319986,0.5254364697671278,0.6807525828486208,0.2038121266800071,0.1714706217230857,0.2392513764881459,/home/prime/Documents/g3/tab-r1/cancer-os-exp/exp02_combined_fixed_window/outputs_tabpfn/tabpfn/runs/all_core_os_5yr_event_top75_no_cancer_feature/20260705_041312/predictions/tabpfn_v2_6_predictions.csv
pooled_fixed,ALL_core_os_5yr_event_top75_no_cancer_feature,os_5yr,tabpfn_v3,tabpfn,176,67,109,2000,0.7159090909090909,0.6477272727272727,0.7840909090909091,0.6786252225112968,0.6085806986952997,0.7500168463611859,0.7844827586206896,0.7217391304347827,0.8403481392557022,0.8348623853211009,0.7652173913043478,0.9000225225225225,0.5223880597014925,0.4,0.6417956513727657,0.7076543886074216,0.6202074290032367,0.7893992156492158,0.764471596320647,0.6742158475742057,0.8528566679904623,0.6017122931334691,0.5189595810458462,0.6801507987808711,0.203898724135915,0.168564968782597,0.2387657395609044,/home/prime/Documents/g3/tab-r1/cancer-os-exp/exp02_combined_fixed_window/outputs_tabpfn/tabpfn/runs/all_core_os_5yr_event_top75_no_cancer_feature/20260705_041312/predictions/tabpfn_v3_predictions.csv
pooled_fixed,ALL_core_os_3yr_event_top94_no_cancer_feature,os_3yr,tabfm_default,tabfm,247,145,102,2000,0.6396761133603239,0.5789473684210527,0.7004048582995951,0.6247802569303583,0.5628697776718764,0.6849640248055369,0.5527638190954773,0.4632556088958557,0.6331700167504187,0.5392156862745098,0.4356321048771543,0.6372759103641455,0.7103448275862069,0.6363636363636364,0.7826158466819222,0.7334009465855308,0.6733433633834693,0.789025808869409,0.6346862756069223,0.545177482774336,0.7206098918113846,0.5688656847643171,0.5271889474257735,0.6167223473471672,0.1949714946793038,0.1773838045159404,0.2150884618476526,/home/prime/Documents/g3/tab-r1/cancer-os-exp/exp02_combined_fixed_window/outputs_tabfm_pytorch/tabfm/runs/all_core_os_3yr_event_top94_no_cancer_feature/20260705_041338/predictions/tabfm_default_predictions.csv
pooled_fixed,ALL_core_os_5yr_event_top75_no_cancer_feature,os_5yr,tabfm_default,tabfm,176,67,109,2000,0.7159090909090909,0.6534090909090909,0.7840909090909091,0.6786252225112968,0.607638049418624,0.7486515613416161,0.7844827586206896,0.7239775910364146,0.8398311688311688,0.8348623853211009,0.7610619469026548,0.9,0.5223880597014925,0.3928396358543417,0.6428571428571429,0.693755990688758,0.6074229442036286,0.7777368579301388,0.7524300164244813,0.6609897761983695,0.8434950100219325,0.6043761855231939,0.5238674350331732,0.6871118244360103,0.2048080446124714,0.1705989251318826,0.2391926621763865,/home/prime/Documents/g3/tab-r1/cancer-os-exp/exp02_combined_fixed_window/outputs_tabfm_pytorch/tabfm/runs/all_core_os_5yr_event_top75_no_cancer_feature/20260705_041652/predictions/tabfm_default_predictions.csv
extreme,ALL_core_extreme_os_death_lt3yr_survival_ge5yr_top75_no_cancer_feature,extreme_os,tabpfn_v2,tabpfn,141,50,91,2000,0.7872340425531915,0.7163120567375887,0.851063829787234,0.7540659340659341,0.6767271694862155,0.824487480539699,0.8404255319148937,0.7790667074663403,0.8911917098445595,0.8681318681318682,0.7938144329896907,0.934065934065934,0.64,0.5,0.7678914835164834,0.7967032967032966,0.7162422092798224,0.868475000205396,0.8822904045628075,0.8173940892983824,0.932224521826432,0.4953122727912012,0.4120773530364766,0.5853536472675097,0.1615712038827601,0.1261093990376597,0.1995658476985408,/home/prime/Documents/g3/tab-r1/cancer-os-exp/exp03_combined_extreme_survival/outputs_tabpfn/tabpfn/runs/all_core_extreme_os_death_lt3yr_survival_ge5yr_top75_no_cancer_feature/20260705_041903/predictions/tabpfn_v2_predictions.csv
extreme,ALL_core_extreme_os_death_lt3yr_survival_ge5yr_top75_no_cancer_feature,extreme_os,tabpfn_v2_5,tabpfn,141,50,91,2000,0.7872340425531915,0.723404255319149,0.851063829787234,0.7540659340659341,0.675966790901058,0.8246113570467017,0.8404255319148937,0.7821229050279329,0.8934010152284264,0.8681318681318682,0.797752808988764,0.9307016046432228,0.64,0.5079918032786885,0.7692307692307693,0.8305494505494506,0.7562656159629844,0.8955946779427335,0.8937700978915042,0.8299760033387076,0.9449365674602258,0.4850356285728405,0.4003284102406854,0.5729738856911024,0.1579930186060796,0.1223125764318241,0.196258690865934,/home/prime/Documents/g3/tab-r1/cancer-os-exp/exp03_combined_extreme_survival/outputs_tabpfn/tabpfn/runs/all_core_extreme_os_death_lt3yr_survival_ge5yr_top75_no_cancer_feature/20260705_041903/predictions/tabpfn_v2_5_predictions.csv
extreme,ALL_core_extreme_os_death_lt3yr_survival_ge5yr_top75_no_cancer_feature,extreme_os,tabpfn_v2_6,tabpfn,141,50,91,2000,0.7872340425531915,0.7163120567375887,0.851063829787234,0.7540659340659341,0.6766756616822489,0.8275719845032342,0.8404255319148937,0.7812453772189349,0.8930277715059832,0.8681318681318682,0.7974683544303798,0.9325842696629212,0.64,0.5,0.7727487135506002,0.8215384615384617,0.746248738375027,0.8912109470717962,0.8934955208691703,0.8305909293907767,0.944732582598112,0.48735245007035,0.4003987922896759,0.5757590156655827,0.158765855291404,0.121033031046154,0.1974419511167961,/home/prime/Documents/g3/tab-r1/cancer-os-exp/exp03_combined_extreme_survival/outputs_tabpfn/tabpfn/runs/all_core_extreme_os_death_lt3yr_survival_ge5yr_top75_no_cancer_feature/20260705_041903/predictions/tabpfn_v2_6_predictions.csv
extreme,ALL_core_extreme_os_death_lt3yr_survival_ge5yr_top75_no_cancer_feature,extreme_os,tabpfn_v3,tabpfn,141,50,91,2000,0.7872340425531915,0.7163120567375887,0.851063829787234,0.7540659340659341,0.6778312781858598,0.8309309482910499,0.8404255319148937,0.7840792796384901,0.8934064153796306,0.8681318681318682,0.7977456976248044,0.9318236981465136,0.64,0.5,0.7727272727272727,0.8162637362637363,0.7396578504551926,0.8830955882352941,0.8953364857779801,0.8376593652447727,0.943626481725028,0.4864943632172594,0.4017001535538936,0.571160728154956,0.1588323077201788,0.1218869231900543,0.1950101870385338,/home/prime/Documents/g3/tab-r1/cancer-os-exp/exp03_combined_extreme_survival/outputs_tabpfn/tabpfn/runs/all_core_extreme_os_death_lt3yr_survival_ge5yr_top75_no_cancer_feature/20260705_041903/predictions/tabpfn_v3_predictions.csv
extreme,ALL_core_extreme_os_death_lt3yr_survival_ge5yr_top75_no_cancer_feature,extreme_os,tabfm_default,tabfm,141,50,91,2000,0.7872340425531915,0.7163120567375887,0.851063829787234,0.7540659340659341,0.6798194935869084,0.8286654915589422,0.8404255319148937,0.7790697674418605,0.8936229644597645,0.8681318681318682,0.7931034482758621,0.9348001402524544,0.64,0.5090829346092504,0.7708333333333334,0.8026373626373626,0.7248060694652236,0.8738568665013898,0.8820582640524297,0.8139111712829146,0.9365868996718374,0.4851590139644899,0.4005207048225678,0.5715495295578109,0.1584031408548038,0.1218339317808652,0.1958769221772012,/home/prime/Documents/g3/tab-r1/cancer-os-exp/exp03_combined_extreme_survival/outputs_tabfm_pytorch/tabfm/runs/all_core_extreme_os_death_lt3yr_survival_ge5yr_top75_no_cancer_feature/20260705_041933/predictions/tabfm_default_predictions.csv
